"date","time","ID1","behavior","ID2"
"20/11/2017","12:16:59","Giambo","groom","Gaby"
"20/11/2017","12:32:30","Moni","groom","Ghineau"
"20/11/2017","12:36:37","Giambo","groom","Gaby"
"20/11/2017","12:41:43","Moni","groom","Ghineau"
"20/11/2017","12:42:16","Jing","groom","Fons"
"20/11/2017","12:45:21","Ghineau","groom","Giambo"
"20/11/2017","12:45:27","Giambo","groom","Gaby"
"20/11/2017","12:45:32","Tushi","groom","Giambo"
"20/11/2017","12:45:38","Roosje","groom","Raimee"
"20/11/2017","12:46:17","Gaby","groom","Tesua"
"20/11/2017","12:47:46","Moni","groom","Tushi"
"20/11/2017","12:48:12","Morami","groom","Roosje"
"20/11/2017","12:48:26","Raimee","groom","Morami"
"20/11/2017","12:49:03","Tesua","groom","Tushi"
"20/11/2017","12:49:07","Morami","groom","Raimee"
"20/11/2017","12:53:16","Gaby","groom","Roosje"
"20/11/2017","12:54:39","Gaby","groom","Ghineau"
"20/11/2017","13:01:13","Giambo","groom","Gaby"
"20/11/2017","13:04:12","Ghineau","groom","Giambo"
"20/11/2017","13:09:46","Tushi","groom","Gaby"
"20/11/2017","13:12:27","Giambo","groom","Gaby"
"20/11/2017","13:13:07","Geisha","groom","Ghineau"
"20/11/2017","13:14:11","Roosje","groom","Tesua"
"20/11/2017","13:14:59","Moni","groom","Raimee"
"20/11/2017","13:15:04","Moniek","groom","Erika"
"20/11/2017","13:16:41","Geisha","groom","Raimee"
"20/11/2017","13:18:08","Tesua","groom","Roosje"
"20/11/2017","13:18:12","Giambo","groom","Gaby"
"20/11/2017","13:23:26","Moniek","groom","Jimmie"
"20/11/2017","13:23:30","Raimee","groom","Geisha"
"20/11/2017","13:23:57","Moniek","groom","Tesua"
"21/11/2017","10:26:28","Tushi","groom","Gaby"
"21/11/2017","10:32:50","Tushi","groom","Gaby"
"21/11/2017","10:38:39","Tushi","groom","Gaby"
"21/11/2017","10:48:38","Tushi","groom","Raimee"
"21/11/2017","10:53:21","Tushi","groom","Gaby"
"21/11/2017","11:04:15","Tushi","groom","Raimee"
"21/11/2017","11:05:44","Tesua","groom","Geisha"
"21/11/2017","11:10:15","Roosje","groom","Raimee"
"21/11/2017","11:14:06","Giambo","groom","Gaby"
"23/11/2017","10:33:48","Giambo","groom","Gaby"
"23/11/2017","10:41:32","Tesua","groom","Tushi"
"23/11/2017","10:45:36","Gaby","groom","Giambo"
"23/11/2017","10:51:03","Gaby","groom","Tushi"
"23/11/2017","10:52:02","Gaby","groom","Tesua"
"23/11/2017","10:56:56","Roosje","groom","Raimee"
"23/11/2017","10:58:11","Morami","groom","Raimee"
"23/11/2017","10:58:26","Tushi","groom","Gaby"
"23/11/2017","11:02:21","Jing","groom","Geisha"
"23/11/2017","11:02:38","Geisha","groom","Jing"
"23/11/2017","11:04:08","Tesua","groom","Tushi"
"23/11/2017","11:11:02","Tesua","groom","Tushi"
"23/11/2017","11:11:04","Tushi","groom","Gaby"
"23/11/2017","11:13:32","Jing","groom","Roosje"
"23/11/2017","11:14:48","Roosje","groom","Raimee"
"23/11/2017","11:18:11","Moni","groom","Jing"
"23/11/2017","11:19:07","Tesua","groom","Tushi"
"23/11/2017","11:19:20","Tushi","groom","Gaby"
"23/11/2017","11:21:50","Roosje","groom","Raimee"
"23/11/2017","11:22:25","Tesua","groom","Tushi"
"23/11/2017","11:33:57","Jing","groom","Fons"
"23/11/2017","11:34:18","Giambo","groom","Gaby"
"23/11/2017","11:34:22","Moni","groom","Ghineau"
"23/11/2017","11:35:52","Tesua","groom","Tushi"
"23/11/2017","11:37:06","Tushi","groom","Gaby"
"23/11/2017","11:39:07","Tushi","groom","Giambo"
"23/11/2017","11:42:36","Moni","groom","Erika"
"23/11/2017","11:43:16","Tesua","groom","Giambo"
"23/11/2017","11:43:23","Tushi","groom","Giambo"
"23/11/2017","11:49:16","Tushi","groom","Gaby"
"23/11/2017","11:49:53","Geisha","groom","Raimee"
"23/11/2017","11:56:39","Roosje","groom","Raimee"
"23/11/2017","11:57:39","Geisha","groom","Raimee"
"24/11/2017","13:31:33","Giambo","groom","Gaby"
"24/11/2017","13:35:03","Ghineau","groom","Fons"
"24/11/2017","13:36:32","Geisha","groom","Morami"
"24/11/2017","13:38:14","Morami","groom","Geisha"
"24/11/2017","13:38:32","Moni","groom","Ghineau"
"24/11/2017","13:42:23","Moni","groom","Ghineau"
"24/11/2017","13:42:41","Gaby","groom","Giambo"
"24/11/2017","13:47:12","Moni","groom","Ghineau"
"24/11/2017","13:48:41","Roosje","groom","Raimee"
"24/11/2017","13:50:45","Tesua","groom","Jimmie"
"24/11/2017","13:51:05","Erika","groom","Moniek"
"24/11/2017","13:52:58","Tushi","groom","Jimmie"
"24/11/2017","13:53:02","Tesua","groom","Jimmie"
"24/11/2017","13:53:09","Moniek","groom","Tesua"
"24/11/2017","13:54:41","Tesua","groom","Moniek"
"24/11/2017","13:55:15","Tesua","groom","Jimmie"
"24/11/2017","13:55:46","Roosje","groom","Raimee"
"24/11/2017","14:00:31","Tesua","groom","Jimmie"
"24/11/2017","14:02:57","Tesua","groom","Jimmie"
"24/11/2017","14:05:19","Moni","groom","Jimmie"
"24/11/2017","14:10:25","Jimmie","groom","Moni"
"24/11/2017","14:15:26","Jimmie","groom","Moni"
"27/11/2017","14:31:36","Jing","groom","Roosje"
"27/11/2017","14:34:32","Ghineau","groom","Jing"
"27/11/2017","14:35:31","Ghineau","groom","Tushi"
"27/11/2017","14:35:51","Tesua","groom","Giambo"
"27/11/2017","14:36:40","Roosje","groom","Raimee"
"27/11/2017","14:38:53","Roosje","groom","Raimee"
"27/11/2017","14:41:47","Gaby","groom","Ghineau"
"27/11/2017","14:51:51","Moni","groom","Tushi"
"27/11/2017","14:52:33","Tesua","groom","Jimmie"
"27/11/2017","14:52:40","Moniek","groom","Jimmie"
"27/11/2017","14:55:29","Roosje","groom","Raimee"
"27/11/2017","14:56:29","Tushi","groom","Morami"
"27/11/2017","14:57:09","Jimmie","groom","Moniek"
"27/11/2017","15:01:15","Jimmie","groom","Tesua"
"27/11/2017","15:02:13","Moni","groom","Moniek"
"27/11/2017","15:05:56","Jimmie","groom","Moniek"
"27/11/2017","15:09:28","Roosje","groom","Raimee"
"27/11/2017","15:12:35","Roosje","groom","Raimee"
"27/11/2017","15:24:26","Tushi","groom","Geisha"
"27/11/2017","15:24:46","Giambo","groom","Raimee"
"27/11/2017","15:24:51","Ghineau","groom","Giambo"
"27/11/2017","15:25:03","Jing","groom","Gaby"
"27/11/2017","15:25:34","Tushi","groom","Ghineau"
"27/11/2017","15:26:04","Tushi","groom","Giambo"
"27/11/2017","15:28:55","Tesua","groom","Tushi"
"27/11/2017","15:31:17","Ghineau","groom","Jing"
"27/11/2017","15:33:01","Jing","groom","Moniek"
"27/11/2017","15:33:12","Moniek","groom","Jimmie"
"27/11/2017","15:39:59","Tushi","groom","Raimee"
"27/11/2017","15:43:24","Tushi","groom","Ghineau"
"27/11/2017","15:45:44","Morami","groom","Moni"
"27/11/2017","15:45:52","Tushi","groom","Morami"
"27/11/2017","15:45:57","Jing","groom","Fons"
"27/11/2017","15:46:26","Tesua","groom","Fons"
"27/11/2017","15:50:17","Giambo","groom","Fons"
"27/11/2017","15:51:51","Tushi","groom","Moni"
"28/11/2017","13:05:30","Giambo","groom","Tesua"
"28/11/2017","13:09:37","Tesua","groom","Giambo"
"28/11/2017","13:16:27","Roosje","groom","Raimee"
"28/11/2017","13:17:50","Ghineau","groom","Giambo"
"28/11/2017","13:18:04","Jing","groom","Giambo"
"28/11/2017","13:18:59","Moni","groom","Jing"
"28/11/2017","13:21:39","Roosje","groom","Raimee"
"28/11/2017","13:25:17","Moni","groom","Ghineau"
"28/11/2017","13:27:40","Giambo","groom","Jing"
"28/11/2017","13:28:02","Roosje","groom","Raimee"
"28/11/2017","13:29:30","Moni","groom","Ghineau"
"28/11/2017","13:41:58","Moniek","groom","Fons"
"28/11/2017","13:42:44","Erika","groom","Gaby"
"28/11/2017","13:42:46","Tushi","groom","Fons"
"28/11/2017","13:43:52","Ghineau","groom","Giambo"
"28/11/2017","13:45:51","Morami","groom","Moniek"
"28/11/2017","13:47:31","Roosje","groom","Raimee"
"28/11/2017","13:48:43","Morami","groom","Raimee"
"30/11/2017","11:24:04","Moni","groom","Ghineau"
"30/11/2017","11:41:22","Tesua","groom","Moniek"
"30/11/2017","11:42:36","Morami","groom","Moniek"
"30/11/2017","11:42:59","Erika","groom","Jing"
"30/11/2017","11:43:15","Ghineau","groom","Giambo"
"30/11/2017","11:47:20","Morami","groom","Moni"
"30/11/2017","11:49:39","Moni","groom","Morami"
"30/11/2017","11:56:06","Moni","groom","Morami"
"30/11/2017","11:56:11","Roosje","groom","Raimee"
"30/11/2017","12:23:48","Moni","groom","Gaby"
"30/11/2017","12:26:07","Jing","groom","Tesua"
"30/11/2017","12:26:49","Tesua","groom","Jing"
"30/11/2017","12:30:15","Jing","groom","Geisha"
"30/11/2017","12:30:48","Geisha","groom","Jing"
"30/11/2017","12:30:53","Tesua","groom","Geisha"
"30/11/2017","12:42:25","Roosje","groom","Raimee"
"01/12/2017","10:00:48","Roosje","groom","Raimee"
"01/12/2017","10:08:28","Roosje","groom","Raimee"
"01/12/2017","10:18:42","Giambo","groom","Raimee"
"01/12/2017","10:35:22","Giambo","groom","Raimee"
"01/12/2017","10:50:35","Roosje","groom","Raimee"
"01/12/2017","10:53:58","Giambo","groom","Raimee"
"04/12/2017","9:34:32","Ghineau","groom","Giambo"
"04/12/2017","9:36:36","Tesua","groom","Giambo"
"04/12/2017","9:36:42","Ghineau","groom","Giambo"
"04/12/2017","9:36:46","Jing","groom","Raimee"
"04/12/2017","9:37:25","Moniek","groom","Giambo"
"04/12/2017","9:37:49","Jing","groom","Jimmie"
"04/12/2017","9:38:21","Tesua","groom","Giambo"
"04/12/2017","9:38:33","Tushi","groom","Giambo"
"04/12/2017","9:39:14","Jing","groom","Tesua"
"04/12/2017","9:39:21","Giambo","groom","Raimee"
"04/12/2017","9:39:40","Morami","groom","Giambo"
"04/12/2017","9:42:36","Giambo","groom","Tushi"
"04/12/2017","9:43:30","Morami","groom","Tesua"
"04/12/2017","9:43:33","Tesua","groom","Fons"
"04/12/2017","9:43:39","Fons","groom","Roosje"
"04/12/2017","9:48:52","Ghineau","groom","Giambo"
"04/12/2017","9:50:38","Roosje","groom","Raimee"
"04/12/2017","9:50:43","Giambo","groom","Ghineau"
"04/12/2017","9:50:46","Tushi","groom","Giambo"
"04/12/2017","10:00:40","Tushi","groom","Giambo"
"04/12/2017","10:07:10","Jing","groom","Morami"
"04/12/2017","10:09:12","Jing","groom","Morami"
"04/12/2017","10:13:29","Jing","groom","Gaby"
"04/12/2017","10:21:22","Gaby","groom","Ghineau"
"04/12/2017","10:32:56","Jing","groom","Giambo"
"04/12/2017","10:36:35","Jing","groom","Roosje"
"04/12/2017","10:37:46","Jing","groom","Raimee"
"07/12/2017","10:35:20","Gaby","groom","Ghineau"
"07/12/2017","10:35:45","Giambo","groom","Roosje"
"08/12/2017","13:05:20","Tushi","groom","Roosje"
"08/12/2017","13:05:58","Giambo","groom","Roosje"
"08/12/2017","13:06:29","Tesua","groom","Tushi"
"08/12/2017","13:07:09","Morami","groom","Geisha"
"08/12/2017","13:11:09","Tushi","groom","Roosje"
"08/12/2017","13:21:06","Giambo","groom","Roosje"
"08/12/2017","13:21:42","Geisha","groom","Morami"
"08/12/2017","13:25:39","Roosje","groom","Giambo"
"08/12/2017","13:26:28","Ghineau","groom","Erika"
"08/12/2017","13:36:31","Giambo","groom","Roosje"
"08/12/2017","13:40:35","Raimee","groom","Roosje"
"08/12/2017","13:46:26","Tesua","groom","Geisha"
"08/12/2017","13:49:50","Tushi","groom","Roosje"
"08/12/2017","13:52:21","Giambo","groom","Roosje"
"08/12/2017","13:53:43","Moni","groom","Tushi"
"08/12/2017","13:54:15","Moniek","groom","Morami"
"08/12/2017","13:56:33","Moniek","groom","Jing"
"08/12/2017","13:58:18","Moniek","groom","Morami"
"08/12/2017","13:58:37","Morami","groom","Moniek"
"11/12/2017","10:43:55","Roosje","groom","Gaby"
"11/12/2017","10:44:25","Tesua","groom","Tushi"
"11/12/2017","10:44:39","Raimee","groom","Jing"
"11/12/2017","10:48:12","Tushi","groom","Roosje"
"11/12/2017","10:53:13","Giambo","groom","Roosje"
"11/12/2017","10:54:47","Tushi","groom","Tesua"
"11/12/2017","11:03:30","Tesua","groom","Tushi"
"11/12/2017","11:12:47","Raimee","groom","Geisha"
"11/12/2017","11:15:44","Tushi","groom","Raimee"
"11/12/2017","11:39:42","Tushi","groom","Giambo"
"11/12/2017","11:42:08","Jing","groom","Geisha"
"11/12/2017","11:42:14","Tesua","groom","Jing"
"11/12/2017","11:43:03","Moniek","groom","Raimee"
"11/12/2017","11:44:42","Roosje","groom","Raimee"
"11/12/2017","11:44:46","Moni","groom","Ghineau"
"11/12/2017","11:45:41","Ghineau","groom","Jing"
"11/12/2017","11:46:07","Giambo","groom","Roosje"
"11/12/2017","11:49:15","Moni","groom","Ghineau"
"11/12/2017","11:51:17","Fons","groom","Jing"
"11/12/2017","11:51:36","Erika","groom","Gaby"
"11/12/2017","11:52:47","Ghineau","groom","Jing"
"11/12/2017","12:01:48","Gaby","groom","Erika"
"11/12/2017","12:03:03","Tesua","groom","Raimee"
"12/12/2017","13:09:37","Moni","groom","Tushi"
"12/12/2017","13:22:45","Moni","groom","Tushi"
"12/12/2017","13:22:56","Giambo","groom","Roosje"
"12/12/2017","13:35:54","Gaby","groom","Ghineau"
"12/12/2017","13:39:15","Moniek","groom","Jimmie"
"12/12/2017","13:39:50","Jimmie","groom","Moniek"
"12/12/2017","13:43:50","Gaby","groom","Ghineau"
"12/12/2017","13:45:48","Gaby","groom","Ghineau"
"12/12/2017","13:52:17","Giambo","groom","Roosje"
"12/12/2017","13:57:46","Tushi","groom","Gaby"
"12/12/2017","13:59:56","Giambo","groom","Roosje"
"12/12/2017","14:03:49","Raimee","groom","Roosje"
"12/12/2017","14:06:09","Giambo","groom","Roosje"
"12/12/2017","14:07:18","Erika","groom","Gaby"
"12/12/2017","14:07:49","Tushi","groom","Gaby"
"12/12/2017","14:08:49","Raimee","groom","Roosje"
"12/12/2017","14:21:24","Tesua","groom","Jimmie"
"12/12/2017","14:22:57","Raimee","groom","Roosje"
"12/12/2017","14:23:35","Moni","groom","Ghineau"
"12/12/2017","14:23:53","Giambo","groom","Roosje"
"12/12/2017","14:26:48","Tushi","groom","Gaby"
"12/12/2017","14:27:40","Roosje","groom","Raimee"
"14/12/2017","11:17:39","Tushi","groom","Gaby"
"14/12/2017","11:28:30","Tushi","groom","Gaby"
"14/12/2017","11:33:11","Fons","groom","Giambo"
"14/12/2017","11:34:03","Giambo","groom","Roosje"
"14/12/2017","11:34:59","Moni","groom","Tushi"
"14/12/2017","11:39:35","Jing","groom","Giambo"
"14/12/2017","11:42:40","Ghineau","groom","Jing"
"14/12/2017","11:43:11","Ghineau","groom","Giambo"
"14/12/2017","11:45:47","Jing","groom","Raimee"
"14/12/2017","11:45:51","Giambo","groom","Roosje"
"14/12/2017","11:53:04","Fons","groom","Jing"
"14/12/2017","11:53:40","Jing","groom","Giambo"
"14/12/2017","11:54:03","Fons","groom","Jing"
"14/12/2017","12:00:27","Giambo","groom","Roosje"
"14/12/2017","12:07:11","Tushi","groom","Gaby"
"14/12/2017","12:11:25","Giambo","groom","Roosje"
"14/12/2017","12:22:22","Roosje","groom","Raimee"
"14/12/2017","12:25:54","Giambo","groom","Roosje"
"14/12/2017","12:36:41","Tushi","groom","Gaby"
"15/12/2017","10:04:59","Tushi","groom","Gaby"
"15/12/2017","10:12:32","Jing","groom","Roosje"
"15/12/2017","10:30:49","Tushi","groom","Gaby"
"15/12/2017","10:49:02","Jing","groom","Giambo"
"15/12/2017","10:59:28","Roosje","groom","Raimee"
"15/12/2017","11:03:30","Tushi","groom","Gaby"
"15/12/2017","11:03:46","Raimee","groom","Tushi"
"15/12/2017","11:07:18","Raimee","groom","Tushi"
"15/12/2017","11:10:23","Tushi","groom","Gaby"
"15/12/2017","11:16:09","Tushi","groom","Gaby"
"15/12/2017","11:18:13","Erika","groom","Tushi"
"08/01/2018","10:56:58","Gaby","groom","Ghineau"
"08/01/2018","11:00:43","Raimee","groom","Fons"
"08/01/2018","11:00:57","Roosje","groom","Raimee"
"08/01/2018","11:03:44","Fons","groom","Raimee"
"08/01/2018","11:03:48","Ghineau","groom","Giambo"
"08/01/2018","11:03:52","Gaby","groom","Ghineau"
"08/01/2018","11:17:49","Giambo","groom","Roosje"
"08/01/2018","11:38:00","Jing","groom","Raimee"
"08/01/2018","11:40:01","Fons","groom","Jing"
"08/01/2018","11:42:08","Moni","groom","Tushi"
"08/01/2018","11:51:35","Geisha","groom","Jing"
"08/01/2018","11:55:43","Moni","groom","Giambo"
"08/01/2018","11:58:31","Moniek","groom","Morami"
"08/01/2018","12:04:10","Moniek","groom","Morami"
"08/01/2018","12:04:32","Raimee","groom","Morami"
"08/01/2018","12:04:53","Morami","groom","Raimee"
"08/01/2018","12:04:57","Raimee","groom","Morami"
"09/01/2018","14:46:47","Giambo","groom","Roosje"
"09/01/2018","14:47:58","Gaby","groom","Ghineau"
"09/01/2018","14:59:38","Fons","groom","Giambo"
"09/01/2018","15:01:38","Morami","groom","Tushi"
"09/01/2018","15:02:00","Tesua","groom","Giambo"
"09/01/2018","15:03:27","Giambo","groom","Tesua"
"09/01/2018","15:03:38","Tushi","groom","Morami"
"09/01/2018","15:04:42","Giambo","groom","Roosje"
"09/01/2018","15:07:58","Tesua","groom","Tushi"
"09/01/2018","15:12:02","Tushi","groom","Morami"
"09/01/2018","15:14:22","Tesua","groom","Roosje"
"09/01/2018","15:15:31","Tesua","groom","Tushi"
"09/01/2018","15:19:04","Erika","groom","Gaby"
"09/01/2018","15:19:14","Giambo","groom","Roosje"
"09/01/2018","15:27:22","Tesua","groom","Tushi"
"09/01/2018","15:28:23","Morami","groom","Tushi"
"09/01/2018","15:29:28","Roosje","groom","Giambo"
"09/01/2018","15:31:17","Geisha","groom","Erika"
"09/01/2018","15:32:07","Tesua","groom","Tushi"
"09/01/2018","15:34:32","Raimee","groom","Roosje"
"09/01/2018","15:42:37","Raimee","groom","Roosje"
"09/01/2018","15:52:03","Tushi","groom","Geisha"
"09/01/2018","15:57:00","Ghineau","groom","Jing"
"09/01/2018","15:58:44","Tushi","groom","Geisha"
"11/01/2018","12:09:41","Tushi","groom","Giambo"
"11/01/2018","12:19:20","Raimee","groom","Gaby"
"11/01/2018","12:22:40","Geisha","groom","Giambo"
"11/01/2018","12:24:25","Tushi","groom","Gaby"
"11/01/2018","12:26:00","Giambo","groom","Roosje"
"11/01/2018","12:26:52","Morami","groom","Roosje"
"11/01/2018","12:27:43","Tushi","groom","Gaby"
"11/01/2018","12:28:44","Gaby","groom","Raimee"
"11/01/2018","12:28:51","Morami","groom","Raimee"
"11/01/2018","12:31:40","Tesua","groom","Tushi"
"11/01/2018","12:34:18","Fons","groom","Ghineau"
"11/01/2018","12:38:14","Raimee","groom","Tesua"
"11/01/2018","12:39:17","Gaby","groom","Tushi"
"11/01/2018","12:41:36","Roosje","groom","Raimee"
"11/01/2018","12:43:37","Fons","groom","Jing"
"11/01/2018","12:44:45","Tushi","groom","Gaby"
"11/01/2018","12:55:56","Fons","groom","Giambo"
"11/01/2018","12:56:29","Geisha","groom","Erika"
"11/01/2018","12:57:57","Roosje","groom","Raimee"
"11/01/2018","12:58:00","Erika","groom","Geisha"
"12/01/2018","13:45:25","Ghineau","groom","Jing"
"12/01/2018","15:03:11","Erika","groom","Tushi"
"12/01/2018","15:04:26","Tushi","groom","Erika"
"15/01/2018","14:42:24","Giambo","groom","Roosje"
"15/01/2018","14:45:16","Ghineau","groom","Tushi"
"15/01/2018","14:45:58","Giambo","groom","Roosje"
"15/01/2018","14:48:09","Erika","groom","Moniek"
"15/01/2018","14:50:32","Giambo","groom","Roosje"
"15/01/2018","14:58:14","Jing","groom","Gaby"
"15/01/2018","15:00:45","Giambo","groom","Jing"
"15/01/2018","15:02:46","Tushi","groom","Jing"
"15/01/2018","15:04:31","Jing","groom","Tushi"
"15/01/2018","15:06:59","Tesua","groom","Tushi"
"15/01/2018","15:17:43","Raimee","groom","Morami"
"15/01/2018","15:20:36","Gaby","groom","Ghineau"
"15/01/2018","15:28:27","Morami","groom","Raimee"
"15/01/2018","15:29:04","Ghineau","groom","Jing"
"15/01/2018","15:44:19","Giambo","groom","Roosje"
"15/01/2018","15:47:27","Erika","groom","Moniek"
"15/01/2018","15:48:16","Moniek","groom","Erika"
"15/01/2018","15:53:24","Giambo","groom","Roosje"
"15/01/2018","15:54:50","Roosje","groom","Raimee"
"15/01/2018","15:54:55","Giambo","groom","Roosje"
"15/01/2018","15:57:00","Tushi","groom","Gaby"
"15/01/2018","15:57:40","Giambo","groom","Roosje"
"16/01/2018","11:03:24","Raimee","groom","Giambo"
"16/01/2018","11:03:28","Tesua","groom","Giambo"
"16/01/2018","11:03:53","Roosje","groom","Gaby"
"16/01/2018","11:04:23","Ghineau","groom","Jing"
"16/01/2018","11:04:56","Morami","groom","Raimee"
"16/01/2018","11:06:05","Moniek","groom","Raimee"
"16/01/2018","11:08:05","Fons","groom","Ghineau"
"16/01/2018","11:08:09","Jing","groom","Fons"
"16/01/2018","11:08:14","Ghineau","groom","Fons"
"16/01/2018","11:09:10","Morami","groom","Ghineau"
"16/01/2018","11:12:26","Moni","groom","Moniek"
"16/01/2018","11:13:49","Giambo","groom","Roosje"
"16/01/2018","11:14:04","Tesua","groom","Jing"
"16/01/2018","11:15:43","Roosje","groom","Fons"
"16/01/2018","11:17:29","Roosje","groom","Gaby"
"16/01/2018","11:17:50","Morami","groom","Fons"
"16/01/2018","11:17:53","Roosje","groom","Giambo"
"16/01/2018","11:18:31","Gaby","groom","Roosje"
"16/01/2018","11:19:32","Moni","groom","Moniek"
"16/01/2018","11:24:30","Jing","groom","Moni"
"16/01/2018","11:25:07","Jing","groom","Moniek"
"16/01/2018","11:25:49","Moni","groom","Jing"
"16/01/2018","11:29:05","Moni","groom","Raimee"
"16/01/2018","11:32:00","Tushi","groom","Jing"
"16/01/2018","11:32:02","Jing","groom","Gaby"
"16/01/2018","11:32:05","Gaby","groom","Roosje"
"16/01/2018","11:36:48","Jing","groom","Tushi"
"16/01/2018","11:37:28","Tesua","groom","Jimmie"
"16/01/2018","11:39:30","Jing","groom","Gaby"
"16/01/2018","11:39:42","Tushi","groom","Jing"
"16/01/2018","11:42:28","Morami","groom","Geisha"
"16/01/2018","11:43:32","Tesua","groom","Giambo"
"16/01/2018","11:45:22","Roosje","groom","Giambo"
"16/01/2018","11:46:40","Tesua","groom","Giambo"
"16/01/2018","11:48:31","Tushi","groom","Gaby"
"16/01/2018","11:51:05","Ghineau","groom","Roosje"
"16/01/2018","11:52:12","Ghineau","groom","Raimee"
"16/01/2018","11:53:33","Tushi","groom","Tesua"
"16/01/2018","11:56:30","Tushi","groom","Gaby"
"16/01/2018","11:58:01","Ghineau","groom","Jing"
"16/01/2018","11:58:53","Roosje","groom","Gaby"
"16/01/2018","12:03:11","Ghineau","groom","Geisha"
"16/01/2018","12:03:46","Moni","groom","Ghineau"
"16/01/2018","12:05:15","Fons","groom","Tushi"
"16/01/2018","12:08:31","Tesua","groom","Gaby"
"16/01/2018","12:12:12","Giambo","groom","Roosje"
"16/01/2018","12:13:55","Tesua","groom","Giambo"
"16/01/2018","12:15:02","Tesua","groom","Roosje"
"16/01/2018","12:15:49","Raimee","groom","Morami"
"16/01/2018","12:18:52","Tushi","groom","Fons"
"16/01/2018","12:26:20","Jing","groom","Raimee"
"16/01/2018","12:26:37","Gaby","groom","Roosje"
"16/01/2018","12:28:29","Gaby","groom","Roosje"
"16/01/2018","12:29:45","Gaby","groom","Roosje"
"18/01/2018","9:13:12","Tushi","groom","Gaby"
"18/01/2018","9:15:31","Giambo","groom","Roosje"
"18/01/2018","9:15:57","Tushi","groom","Gaby"
"18/01/2018","9:16:04","Tushi","groom","Roosje"
"18/01/2018","9:17:50","Giambo","groom","Roosje"
"18/01/2018","9:18:09","Tushi","groom","Raimee"
"18/01/2018","9:18:16","Raimee","groom","Giambo"
"18/01/2018","9:21:12","Ghineau","groom","Giambo"
"18/01/2018","9:23:29","Jing","groom","Fons"
"18/01/2018","9:45:31","Tushi","groom","Giambo"
"18/01/2018","10:30:09","Tushi","groom","Giambo"
"19/01/2018","13:03:13","Moniek","groom","Jimmie"
"19/01/2018","13:04:30","Geisha","groom","Gaby"
"19/01/2018","13:06:23","Tushi","groom","Roosje"
"19/01/2018","13:06:32","Fons","groom","Roosje"
"19/01/2018","13:09:25","Moniek","groom","Jimmie"
"19/01/2018","13:11:56","Gaby","groom","Roosje"
"19/01/2018","13:13:11","Moniek","groom","Morami"
"19/01/2018","13:14:44","Ghineau","groom","Giambo"
"19/01/2018","13:14:54","Giambo","groom","Roosje"
"19/01/2018","13:19:22","Moniek","groom","Morami"
"19/01/2018","13:22:48","Jing","groom","Raimee"
"19/01/2018","13:24:23","Giambo","groom","Roosje"
"19/01/2018","13:27:25","Tushi","groom","Gaby"
"19/01/2018","13:42:04","Ghineau","groom","Giambo"
"19/01/2018","13:42:16","Jing","groom","Fons"
"19/01/2018","13:51:19","Jing","groom","Fons"
"19/01/2018","13:52:07","Tesua","groom","Fons"
"19/01/2018","14:01:21","Tesua","groom","Jing"
"19/01/2018","14:05:08","Tesua","groom","Fons"
"19/01/2018","14:07:24","Tushi","groom","Jing"
"19/01/2018","14:13:21","Tushi","groom","Gaby"
"22/01/2018","13:16:23","Jing","groom","Fons"
"22/01/2018","13:16:39","Tesua","groom","Jimmie"
"22/01/2018","13:19:58","Morami","groom","Tushi"
"22/01/2018","13:31:57","Ghineau","groom","Tushi"
"22/01/2018","13:38:59","Tesua","groom","Moniek"
"22/01/2018","13:39:59","Tushi","groom","Moniek"
"22/01/2018","13:40:06","Tesua","groom","Moniek"
"22/01/2018","14:21:21","Tesua","groom","Morami"
"22/01/2018","14:22:14","Giambo","groom","Gaby"
"22/01/2018","14:35:31","Geisha","groom","Raimee"
"22/01/2018","14:38:08","Tesua","groom","Tushi"
"22/01/2018","14:38:44","Ghineau","groom","Jing"
"22/01/2018","14:39:35","Moni","groom","Moniek"
"22/01/2018","14:42:16","Roosje","groom","Raimee"
"23/01/2018","12:06:13","Gaby","groom","Roosje"
"25/01/2018","15:01:52","Ghineau","groom","Giambo"
"25/01/2018","15:07:40","Roosje","groom","Raimee"
"25/01/2018","15:08:40","Jing","groom","Tesua"
"25/01/2018","15:08:43","Tushi","groom","Jing"
"25/01/2018","15:12:12","Gaby","groom","Ghineau"
"25/01/2018","15:40:36","Morami","groom","Tesua"
"25/01/2018","15:52:00","Tesua","groom","Morami"
"25/01/2018","15:54:07","Tesua","groom","Tushi"
"25/01/2018","15:55:40","Giambo","groom","Raimee"
"26/01/2018","10:20:41","Gaby","groom","Roosje"
"01/02/2018","11:24:15","Jing","groom","Roosje"
"01/02/2018","11:29:21","Fons","groom","Jing"
"01/02/2018","11:30:48","Jing","groom","Tesua"
"01/02/2018","11:30:51","Giambo","groom","Tesua"
"01/02/2018","11:37:15","Roosje","groom","Raimee"
"01/02/2018","11:37:33","Giambo","groom","Raimee"
"01/02/2018","11:39:22","Giambo","groom","Roosje"
"01/02/2018","11:39:57","Tesua","groom","Moniek"
"01/02/2018","11:41:47","Jing","groom","Fons"
"01/02/2018","11:42:48","Roosje","groom","Raimee"
"01/02/2018","11:46:18","Moni","groom","Moniek"
"01/02/2018","11:46:24","Tesua","groom","Moniek"
"01/02/2018","11:53:54","Giambo","groom","Roosje"
"01/02/2018","11:54:55","Fons","groom","Ghineau"
"01/02/2018","11:55:11","Jing","groom","Fons"
"01/02/2018","11:56:01","Jing","groom","Fons"
"01/02/2018","11:58:45","Fons","groom","Roosje"
"01/02/2018","11:58:49","Roosje","groom","Raimee"
"01/02/2018","12:00:20","Jing","groom","Roosje"
"01/02/2018","12:01:59","Jing","groom","Raimee"
"01/02/2018","12:02:01","Roosje","groom","Raimee"
"01/02/2018","12:26:51","Raimee","groom","Roosje"
"01/02/2018","12:30:46","Raimee","groom","Morami"
"01/02/2018","12:30:56","Roosje","groom","Raimee"
"06/02/2018","10:27:34","Roosje","groom","Raimee"
"06/02/2018","10:28:08","Ghineau","groom","Jing"
"06/02/2018","10:30:01","Roosje","groom","Raimee"
"06/02/2018","11:10:27","Ghineau","groom","Jing"
"06/02/2018","11:10:40","Roosje","groom","Raimee"
"06/02/2018","11:11:41","Tesua","groom","Jing"
"06/02/2018","11:14:37","Tesua","groom","Ghineau"
"06/02/2018","11:24:38","Roosje","groom","Raimee"
"06/02/2018","11:25:05","Ghineau","groom","Jing"
"06/02/2018","11:31:04","Ghineau","groom","Jing"
"06/02/2018","11:31:07","Giambo","groom","Fons"
"06/02/2018","11:31:16","Fons","groom","Ghineau"
"06/02/2018","11:32:08","Jing","groom","Fons"
"06/02/2018","11:32:59","Tesua","groom","Jimmie"
"06/02/2018","11:34:05","Jing","groom","Fons"
"06/02/2018","11:34:46","Raimee","groom","Morami"
"06/02/2018","11:36:39","Tushi","groom","Giambo"
"06/02/2018","11:36:51","Roosje","groom","Raimee"
"06/02/2018","11:37:10","Roosje","groom","Raimee"
"06/02/2018","11:38:21","Raimee","groom","Morami"
"06/02/2018","11:40:05","Geisha","groom","Ghineau"
"06/02/2018","11:40:23","Tushi","groom","Moni"
"06/02/2018","11:42:00","Tushi","groom","Giambo"
"06/02/2018","11:42:27","Fons","groom","Giambo"
"06/02/2018","11:43:37","Giambo","groom","Morami"
"08/02/2018","12:02:03","Roosje","groom","Raimee"
"08/02/2018","12:07:10","Morami","groom","Tushi"
"08/02/2018","12:07:40","Moni","groom","Morami"
"08/02/2018","12:13:32","Roosje","groom","Raimee"
"08/02/2018","12:13:46","Moni","groom","Moniek"
"08/02/2018","12:23:58","Moni","groom","Moniek"
"08/02/2018","12:24:33","Ghineau","groom","Raimee"
"08/02/2018","12:27:15","Fons","groom","Ghineau"
"08/02/2018","12:27:55","Gaby","groom","Ghineau"
"08/02/2018","12:29:15","Fons","groom","Ghineau"
"08/02/2018","12:29:56","Roosje","groom","Raimee"
"08/02/2018","12:33:37","Moni","groom","Ghineau"
"08/02/2018","12:38:40","Tushi","groom","Moni"
"08/02/2018","12:39:50","Roosje","groom","Raimee"
"08/02/2018","12:40:43","Gaby","groom","Ghineau"
"08/02/2018","12:40:50","Geisha","groom","Tushi"
"08/02/2018","12:45:56","Tesua","groom","Jimmie"
"08/02/2018","12:46:13","Morami","groom","Jimmie"
"08/02/2018","12:46:21","Ghineau","groom","Jimmie"
"08/02/2018","12:47:16","Tushi","groom","Moni"
"08/02/2018","12:51:49","Tesua","groom","Jimmie"
"08/02/2018","12:53:18","Roosje","groom","Raimee"
"08/02/2018","13:00:40","Tesua","groom","Jimmie"
"08/02/2018","13:00:46","Roosje","groom","Raimee"
"08/02/2018","13:04:50","Geisha","groom","Erika"
"08/02/2018","13:05:20","Geisha","groom","Ghineau"
"08/02/2018","13:08:22","Jimmie","groom","Tushi"
"08/02/2018","13:15:08","Ghineau","groom","Tushi"
"08/02/2018","13:15:24","Erika","groom","Morami"
"08/02/2018","13:15:29","Moni","groom","Erika"
"08/02/2018","13:17:40","Erika","groom","Morami"
"08/02/2018","13:27:33","Gaby","groom","Ghineau"
"08/02/2018","13:27:35","Ghineau","groom","Raimee"
"08/02/2018","13:29:57","Jing","groom","Roosje"
"13/02/2018","13:08:32","Tushi","groom","Tesua"
"13/02/2018","13:15:23","Jimmie","groom","Gaby"
"13/02/2018","13:16:22","Tushi","groom","Jimmie"
"13/02/2018","13:17:04","Jimmie","groom","Tesua"
"13/02/2018","13:17:35","Tesua","groom","Jimmie"
"13/02/2018","13:18:28","Moni","groom","Giambo"
"13/02/2018","13:20:56","Moni","groom","Giambo"
"13/02/2018","13:23:18","Tushi","groom","Gaby"
"13/02/2018","13:27:05","Tushi","groom","Gaby"
"13/02/2018","13:27:16","Tesua","groom","Geisha"
"13/02/2018","13:31:09","Ghineau","groom","Raimee"
"13/02/2018","13:41:40","Gaby","groom","Ghineau"
"13/02/2018","13:43:27","Raimee","groom","Gaby"
"13/02/2018","13:54:58","Tushi","groom","Moni"
"13/02/2018","14:00:40","Morami","groom","Moniek"
"13/02/2018","14:00:43","Moniek","groom","Jimmie"
"15/02/2018","11:28:17","Geisha","groom","Morami"
"15/02/2018","11:38:25","Ghineau","groom","Giambo"
"15/02/2018","11:57:40","Tushi","groom","Giambo"
"15/02/2018","11:57:45","Raimee","groom","Morami"
"15/02/2018","12:00:41","Giambo","groom","Gaby"
"15/02/2018","12:02:35","Moni","groom","Morami"
"15/02/2018","12:08:43","Moni","groom","Morami"
"15/02/2018","12:10:33","Giambo","groom","Gaby"
"16/02/2018","10:13:17","Ghineau","groom","Jing"
"16/02/2018","10:21:19","Giambo","groom","Gaby"
"16/02/2018","10:51:46","Tesua","groom","Tushi"
"16/02/2018","10:56:49","Roosje","groom","Gaby"
"16/02/2018","10:57:03","Tesua","groom","Tushi"
"20/02/2018","12:32:32","Tesua","groom","Erika"
"20/02/2018","12:41:25","Geisha","groom","Erika"
"20/02/2018","12:43:30","Giambo","groom","Gaby"
"20/02/2018","12:49:08","Tushi","groom","Giambo"
"20/02/2018","12:57:11","Geisha","groom","Erika"
"20/02/2018","13:16:45","Gaby","groom","Roosje"
"20/02/2018","13:23:51","Ghineau","groom","Jing"
"20/02/2018","13:24:24","Tesua","groom","Jing"
"20/02/2018","13:25:17","Geisha","groom","Giambo"
"20/02/2018","13:32:35","Gaby","groom","Roosje"
"20/02/2018","13:33:58","Tushi","groom","Gaby"
"20/02/2018","13:36:55","Geisha","groom","Giambo"
"22/02/2018","12:13:40","Erika","groom","Moniek"
"22/02/2018","12:13:50","Jimmie","groom","Tesua"
"22/02/2018","12:17:42","Tushi","groom","Gaby"
"22/02/2018","12:26:57","Tesua","groom","Moniek"
"22/02/2018","12:27:02","Ghineau","groom","Moniek"
"22/02/2018","12:27:05","Tushi","groom","Giambo"
"22/02/2018","12:28:11","Erika","groom","Moniek"
"22/02/2018","12:37:47","Tushi","groom","Gaby"
"22/02/2018","12:38:03","Jing","groom","Roosje"
"22/02/2018","12:40:41","Tushi","groom","Giambo"
"22/02/2018","12:42:08","Jing","groom","Giambo"
"22/02/2018","12:42:52","Jing","groom","Roosje"
"22/02/2018","12:45:57","Moni","groom","Giambo"
"22/02/2018","12:46:00","Jing","groom","Giambo"
"22/02/2018","12:49:29","Moni","groom","Giambo"
"22/02/2018","12:49:33","Jing","groom","Fons"
"22/02/2018","12:49:39","Gaby","groom","Roosje"
"22/02/2018","12:52:32","Gaby","groom","Roosje"
"22/02/2018","12:52:35","Jing","groom","Roosje"
"22/02/2018","12:56:42","Moni","groom","Moniek"
"22/02/2018","12:58:33","Moni","groom","Fons"
"22/02/2018","13:03:23","Moni","groom","Moniek"
"22/02/2018","13:03:55","Ghineau","groom","Jing"
"22/02/2018","13:05:06","Tushi","groom","Gaby"
"22/02/2018","13:06:25","Ghineau","groom","Jing"
"22/02/2018","13:07:16","Jing","groom","Fons"
"22/02/2018","13:09:26","Tesua","groom","Jimmie"
"22/02/2018","13:11:03","Giambo","groom","Gaby"
"22/02/2018","13:12:10","Jing","groom","Fons"
"22/02/2018","13:18:41","Tesua","groom","Jimmie"
"22/02/2018","13:31:04","Ghineau","groom","Fons"
"22/02/2018","13:32:55","Ghineau","groom","Roosje"
"22/02/2018","13:34:05","Ghineau","groom","Jing"
"22/02/2018","13:36:11","Ghineau","groom","Roosje"
"22/02/2018","13:36:55","Tesua","groom","Roosje"
"22/02/2018","13:37:20","Morami","groom","Moniek"
"22/02/2018","13:38:29","Raimee","groom","Roosje"
"22/02/2018","13:39:53","Tushi","groom","Gaby"
"23/02/2018","13:53:37","Tesua","groom","Geisha"
"23/02/2018","14:51:15","Giambo","groom","Gaby"
"23/02/2018","14:53:53","Giambo","groom","Roosje"
"26/02/2018","14:40:33","Giambo","groom","Roosje"
"26/02/2018","14:45:15","Giambo","groom","Roosje"
"26/02/2018","14:58:06","Raimee","groom","Roosje"
"26/02/2018","14:58:14","Gaby","groom","Ghineau"
"26/02/2018","15:08:51","Tesua","groom","Geisha"
"26/02/2018","15:10:28","Ghineau","groom","Giambo"
"26/02/2018","15:17:01","Tesua","groom","Jimmie"
"26/02/2018","15:24:24","Ghineau","groom","Erika"
"27/02/2018","9:21:16","Moniek","groom","Jimmie"
"27/02/2018","9:21:19","Tushi","groom","Jimmie"
"27/02/2018","9:23:44","Moniek","groom","Jimmie"
"27/02/2018","9:27:52","Tushi","groom","Tesua"
"27/02/2018","9:28:44","Giambo","groom","Roosje"
"01/03/2018","11:16:22","Jing","groom","Geisha"
"01/03/2018","11:22:11","Jing","groom","Geisha"
"01/03/2018","11:22:15","Geisha","groom","Fons"
"01/03/2018","11:22:18","Fons","groom","Jing"
"01/03/2018","11:24:24","Ghineau","groom","Giambo"
"01/03/2018","11:24:29","Raimee","groom","Giambo"
"01/03/2018","11:30:58","Fons","groom","Jing"
"01/03/2018","11:31:01","Jing","groom","Geisha"
"01/03/2018","11:34:55","Moniek","groom","Morami"
"01/03/2018","11:37:45","Tesua","groom","Tushi"
"01/03/2018","11:41:33","Jing","groom","Morami"
"01/03/2018","11:43:06","Jing","groom","Geisha"
"01/03/2018","11:50:06","Tesua","groom","Giambo"
"01/03/2018","11:53:20","Geisha","groom","Fons"
"01/03/2018","12:12:15","Geisha","groom","Ghineau"
"01/03/2018","12:16:56","Moniek","groom","Ghineau"
"01/03/2018","12:19:04","Ghineau","groom","Erika"
"01/03/2018","12:31:54","Jing","groom","Tesua"
"02/03/2018","10:29:26","Erika","groom","Jing"
"02/03/2018","10:33:25","Moni","groom","Erika"
"05/03/2018","14:03:31","Ghineau","groom","Roosje"
"05/03/2018","14:06:32","Ghineau","groom","Roosje"
"05/03/2018","14:09:27","Fons","groom","Raimee"
"05/03/2018","14:10:34","Tesua","groom","Roosje"
"05/03/2018","14:11:28","Fons","groom","Raimee"
"05/03/2018","14:13:32","Giambo","groom","Tushi"
"05/03/2018","14:14:48","Tushi","groom","Giambo"
"05/03/2018","14:15:40","Ghineau","groom","Jing"
"05/03/2018","14:17:31","Tesua","groom","Jing"
"05/03/2018","14:19:42","Jing","groom","Geisha"
"05/03/2018","14:19:45","Roosje","groom","Geisha"
"05/03/2018","14:19:50","Geisha","groom","Raimee"
"05/03/2018","14:19:55","Ghineau","groom","Jing"
"05/03/2018","14:20:21","Fons","groom","Jing"
"05/03/2018","14:21:40","Fons","groom","Jing"
"05/03/2018","14:21:43","Ghineau","groom","Jing"
"06/03/2018","10:34:37","Raimee","groom","Roosje"
"06/03/2018","10:34:39","Tushi","groom","Jing"
"06/03/2018","10:40:45","Jing","groom","Fons"
"06/03/2018","10:56:23","Fons","groom","Jing"
"06/03/2018","10:57:09","Geisha","groom","Gaby"
"06/03/2018","10:57:46","Geisha","groom","Raimee"
"06/03/2018","10:57:49","Gaby","groom","Raimee"
"06/03/2018","10:58:15","Jing","groom","Fons"
"06/03/2018","10:59:30","Fons","groom","Roosje"
"06/03/2018","10:59:35","Roosje","groom","Raimee"
"06/03/2018","11:03:12","Jing","groom","Fons"
"06/03/2018","11:04:28","Jing","groom","Giambo"
"06/03/2018","11:05:13","Geisha","groom","Erika"
"06/03/2018","11:12:54","Tushi","groom","Gaby"
"06/03/2018","11:13:25","Tesua","groom","Tushi"
"06/03/2018","11:15:14","Morami","groom","Giambo"
"06/03/2018","11:15:36","Moniek","groom","Morami"
"06/03/2018","11:27:16","Geisha","groom","Erika"
"06/03/2018","11:31:14","Jing","groom","Fons"
"06/03/2018","11:34:13","Erika","groom","Giambo"
"06/03/2018","11:36:30","Jing","groom","Fons"
"06/03/2018","11:39:14","Tesua","groom","Tushi"
"06/03/2018","11:44:26","Raimee","groom","Roosje"
"08/03/2018","12:33:28","Roosje","groom","Raimee"
"08/03/2018","13:50:35","Moni","groom","Ghineau"
"08/03/2018","13:58:09","Moni","groom","Erika"
"09/03/2018","10:07:04","Roosje","groom","Raimee"
"09/03/2018","10:15:20","Moni","groom","Ghineau"
"09/03/2018","10:15:45","Ghineau","groom","Erika"
"09/03/2018","10:25:26","Ghineau","groom","Erika"
"12/03/2018","11:04:11","Morami","groom","Jimmie"
"12/03/2018","11:05:27","Erika","groom","Morami"
"12/03/2018","11:42:30","Moniek","groom","Morami"
"12/03/2018","11:54:01","Moni","groom","Moniek"
"12/03/2018","11:54:03","Moniek","groom","Jimmie"
"12/03/2018","11:54:15","Morami","groom","Jimmie"
"12/03/2018","11:55:20","Tushi","groom","Gaby"
"12/03/2018","12:02:54","Moni","groom","Erika"
"12/03/2018","12:08:27","Ghineau","groom","Jing"
"12/03/2018","12:09:29","Roosje","groom","Raimee"
"12/03/2018","12:10:54","Jing","groom","Raimee"
"12/03/2018","12:11:58","Moni","groom","Tushi"
"12/03/2018","12:12:27","Moni","groom","Tushi"
"12/03/2018","12:16:50","Moni","groom","Ghineau"
"12/03/2018","12:18:18","Moni","groom","Morami"
"12/03/2018","12:18:36","Roosje","groom","Raimee"
"12/03/2018","12:22:05","Jing","groom","Tesua"
"12/03/2018","12:26:38","Jing","groom","Raimee"
"12/03/2018","12:26:41","Tesua","groom","Raimee"
"13/03/2018","13:32:53","Roosje","groom","Raimee"
"13/03/2018","13:35:47","Jing","groom","Roosje"
"13/03/2018","13:39:50","Roosje","groom","Raimee"
"13/03/2018","13:41:34","Jing","groom","Raimee"
"13/03/2018","13:44:19","Jing","groom","Roosje"
"13/03/2018","13:49:44","Erika","groom","Tushi"
"13/03/2018","13:54:19","Geisha","groom","Erika"
"13/03/2018","14:11:09","Raimee","groom","Morami"
"13/03/2018","14:11:11","Roosje","groom","Raimee"
"13/03/2018","14:13:36","Moniek","groom","Morami"
"13/03/2018","14:14:42","Tushi","groom","Gaby"
"13/03/2018","14:14:54","Moniek","groom","Geisha"
"13/03/2018","14:15:03","Roosje","groom","Morami"
"13/03/2018","14:15:29","Roosje","groom","Raimee"
"13/03/2018","14:16:21","Moniek","groom","Morami"
"13/03/2018","14:17:02","Geisha","groom","Morami"
"13/03/2018","14:17:40","Raimee","groom","Morami"
"13/03/2018","14:17:43","Roosje","groom","Raimee"
"13/03/2018","14:18:46","Moniek","groom","Geisha"
"13/03/2018","14:24:04","Moniek","groom","Roosje"
"13/03/2018","14:28:48","Moniek","groom","Roosje"
"13/03/2018","14:29:59","Moniek","groom","Morami"
"20/03/2018","10:43:25","Moni","groom","Morami"
"20/03/2018","11:14:19","Raimee","groom","Roosje"
"20/03/2018","11:15:56","Tesua","groom","Jimmie"
"20/03/2018","11:16:38","Giambo","groom","Tesua"
"20/03/2018","11:17:51","Moni","groom","Morami"
"20/03/2018","11:21:44","Tesua","groom","Jimmie"
"20/03/2018","11:32:28","Tesua","groom","Jimmie"
"20/03/2018","11:33:27","Jimmie","groom","Giambo"
"20/03/2018","11:41:53","Raimee","groom","Roosje"
"20/03/2018","11:51:35","Tesua","groom","Jimmie"
"20/03/2018","11:52:02","Tushi","groom","Jing"
"20/03/2018","11:53:58","Gaby","groom","Ghineau"
"20/03/2018","11:58:10","Raimee","groom","Roosje"
"20/03/2018","11:58:47","Tushi","groom","Jing"
"20/03/2018","12:00:38","Moniek","groom","Jimmie"
"20/03/2018","12:02:03","Jimmie","groom","Geisha"
"20/03/2018","12:04:19","Moni","groom","Morami"
"20/03/2018","12:06:22","Jing","groom","Roosje"
"20/03/2018","12:07:50","Tushi","groom","Gaby"
"20/03/2018","12:08:55","Moniek","groom","Jing"
"22/03/2018","12:22:20","Jing","groom","Fons"
"22/03/2018","12:24:06","Ghineau","groom","Jing"
"22/03/2018","12:26:53","Gaby","groom","Tushi"
"22/03/2018","12:27:48","Fons","groom","Giambo"
"22/03/2018","12:27:58","Jing","groom","Giambo"
"22/03/2018","12:28:41","Tushi","groom","Gaby"
"22/03/2018","12:30:38","Tesua","groom","Giambo"
"22/03/2018","12:40:28","Tushi","groom","Gaby"
"22/03/2018","12:44:54","Jing","groom","Ghineau"
"22/03/2018","12:50:44","Tesua","groom","Geisha"
"22/03/2018","13:05:47","Jing","groom","Raimee"
"22/03/2018","13:08:56","Morami","groom","Moniek"
"22/03/2018","13:17:37","Moniek","groom","Morami"
"22/03/2018","13:17:58","Ghineau","groom","Giambo"
"22/03/2018","13:18:13","Ghineau","groom","Jing"
"22/03/2018","13:23:03","Tushi","groom","Gaby"
"22/03/2018","13:28:11","Raimee","groom","Morami"
"22/03/2018","13:34:28","Giambo","groom","Tesua"
"22/03/2018","13:39:42","Raimee","groom","Morami"
"22/03/2018","13:44:37","Giambo","groom","Tesua"
"23/03/2018","14:00:23","Morami","groom","Tushi"
"23/03/2018","14:00:57","Moni","groom","Erika"
"23/03/2018","14:03:20","Geisha","groom","Tushi"
"23/03/2018","14:46:29","Raimee","groom","Gaby"
"23/03/2018","14:48:02","Moni","groom","Moniek"
"23/03/2018","14:48:21","Roosje","groom","Gaby"
"23/03/2018","14:48:54","Tushi","groom","Giambo"
"23/03/2018","14:51:26","Moni","groom","Moniek"
"23/03/2018","14:52:26","Moni","groom","Moniek"
"23/03/2018","14:54:48","Giambo","groom","Gaby"
"23/03/2018","14:54:52","Gaby","groom","Roosje"
"23/03/2018","14:56:18","Roosje","groom","Giambo"
"23/03/2018","14:56:21","Moniek","groom","Morami"
"23/03/2018","14:56:25","Erika","groom","Moniek"
"23/03/2018","14:56:42","Gaby","groom","Ghineau"
"23/03/2018","14:56:45","Tushi","groom","Gaby"
"23/03/2018","14:58:04","Gaby","groom","Ghineau"
"23/03/2018","14:58:07","Tushi","groom","Gaby"
"23/03/2018","15:01:55","Moni","groom","Moniek"
"23/03/2018","15:07:57","Jing","groom","Tesua"
"23/03/2018","15:08:15","Moni","groom","Ghineau"
"23/03/2018","15:08:25","Gaby","groom","Ghineau"
"23/03/2018","15:09:50","Tushi","groom","Ghineau"
"23/03/2018","15:12:22","Giambo","groom","Tesua"
"23/03/2018","15:12:58","Moni","groom","Ghineau"
"23/03/2018","15:13:04","Geisha","groom","Giambo"
"23/03/2018","15:18:51","Gaby","groom","Ghineau"
"23/03/2018","15:18:54","Moni","groom","Tushi"
"23/03/2018","15:29:08","Moni","groom","Moniek"
"26/03/2018","14:46:44","Moniek","groom","Morami"
"26/03/2018","14:47:05","Giambo","groom","Fons"
"26/03/2018","14:53:04","Fons","groom","Giambo"
"26/03/2018","15:05:18","Tushi","groom","Gaby"
"26/03/2018","15:06:22","Moni","groom","Tushi"
"26/03/2018","15:07:28","Fons","groom","Giambo"
"26/03/2018","15:07:51","Jing","groom","Giambo"
"26/03/2018","15:07:55","Tushi","groom","Jing"
"26/03/2018","15:11:11","Jing","groom","Roosje"
"26/03/2018","15:21:26","Giambo","groom","Jimmie"
"26/03/2018","15:22:08","Tushi","groom","Jimmie"
"26/03/2018","15:26:38","Giambo","groom","Gaby"
"26/03/2018","15:29:51","Jimmie","groom","Moni"
"26/03/2018","15:31:19","Jimmie","groom","Moni"
"27/03/2018","11:33:07","Ghineau","groom","Jing"
"27/03/2018","11:34:15","Geisha","groom","Ghineau"
"27/03/2018","11:34:31","Fons","groom","Ghineau"
"27/03/2018","11:36:44","Ghineau","groom","Giambo"
"27/03/2018","11:37:38","Giambo","groom","Gaby"
"27/03/2018","11:37:41","Morami","groom","Gaby"
"27/03/2018","11:37:52","Jing","groom","Roosje"
"27/03/2018","11:39:04","Tesua","groom","Geisha"
"27/03/2018","11:43:50","Geisha","groom","Jing"
"27/03/2018","11:45:29","Moniek","groom","Geisha"
"27/03/2018","11:45:43","Tesua","groom","Geisha"
"27/03/2018","11:47:15","Geisha","groom","Morami"
"27/03/2018","11:48:51","Fons","groom","Giambo"
"27/03/2018","11:49:54","Fons","groom","Giambo"
"27/03/2018","11:51:11","Gaby","groom","Ghineau"
"27/03/2018","11:52:13","Roosje","groom","Raimee"
"27/03/2018","11:56:12","Tushi","groom","Giambo"
"27/03/2018","11:57:48","Jimmie","groom","Moniek"
"27/03/2018","12:02:49","Moniek","groom","Morami"
"27/03/2018","12:06:24","Tesua","groom","Jimmie"
"27/03/2018","12:09:48","Tesua","groom","Giambo"
"27/03/2018","12:12:36","Giambo","groom","Gaby"
"27/03/2018","12:15:46","Fons","groom","Raimee"
"27/03/2018","12:16:07","Raimee","groom","Morami"
"27/03/2018","12:16:21","Jing","groom","Roosje"
"27/03/2018","12:29:38","Morami","groom","Giambo"
"27/03/2018","12:45:40","Moniek","groom","Jimmie"
"29/03/2018","13:01:34","Roosje","groom","Raimee"
"29/03/2018","13:29:20","Tushi","groom","Roosje"
"29/03/2018","13:36:00","Tushi","groom","Tesua"
"29/03/2018","13:39:54","Tesua","groom","Roosje"
"29/03/2018","13:47:07","Roosje","groom","Giambo"
"29/03/2018","13:47:27","Raimee","groom","Morami"
"29/03/2018","13:49:17","Roosje","groom","Giambo"
"29/03/2018","13:49:41","Giambo","groom","Jing"
"29/03/2018","13:50:56","Tushi","groom","Giambo"
"29/03/2018","13:57:12","Roosje","groom","Jing"
"29/03/2018","13:57:17","Tushi","groom","Roosje"
"29/03/2018","13:57:25","Giambo","groom","Roosje"
"29/03/2018","13:57:28","Tesua","groom","Ghineau"
"30/03/2018","10:10:15","Giambo","groom","Roosje"
"30/03/2018","10:12:49","Gaby","groom","Roosje"
"30/03/2018","10:17:10","Giambo","groom","Moni"
"30/03/2018","10:18:40","Gaby","groom","Roosje"
"30/03/2018","10:19:09","Giambo","groom","Roosje"
"30/03/2018","10:21:16","Giambo","groom","Roosje"
"30/03/2018","10:22:14","Gaby","groom","Roosje"
"30/03/2018","10:34:40","Giambo","groom","Roosje"
"30/03/2018","11:04:12","Ghineau","groom","Giambo"
"30/03/2018","11:07:39","Tesua","groom","Ghineau"
"30/03/2018","11:07:46","Gaby","groom","Roosje"
"30/03/2018","11:07:50","Giambo","groom","Roosje"
"30/03/2018","11:11:07","Raimee","groom","Giambo"
"03/04/2018","10:35:33","Moniek","groom","Fons"
"03/04/2018","10:48:03","Morami","groom","Giambo"
"03/04/2018","10:49:05","Morami","groom","Raimee"
"03/04/2018","10:55:14","Moniek","groom","Morami"
"03/04/2018","11:05:37","Moniek","groom","Morami"
"03/04/2018","11:08:57","Tushi","groom","Raimee"
"03/04/2018","11:14:52","Morami","groom","Raimee"
"03/04/2018","11:17:24","Moniek","groom","Geisha"
"03/04/2018","11:17:59","Geisha","groom","Raimee"
"03/04/2018","11:19:00","Tushi","groom","Moni"
"03/04/2018","11:51:24","Roosje","groom","Ghineau"
"03/04/2018","11:58:33","Moniek","groom","Morami"
"05/04/2018","12:10:40","Jing","groom","Fons"
"05/04/2018","13:25:23","Ghineau","groom","Tushi"
"06/04/2018","13:50:02","Ghineau","groom","Tushi"
"06/04/2018","14:03:45","Ghineau","groom","Tushi"
"06/04/2018","14:12:16","Tesua","groom","Jimmie"
"06/04/2018","14:14:10","Geisha","groom","Raimee"
"06/04/2018","14:22:36","Ghineau","groom","Tushi"
"06/04/2018","14:26:18","Raimee","groom","Roosje"
"06/04/2018","15:02:32","Gaby","groom","Jimmie"
"06/04/2018","15:08:13","Ghineau","groom","Tushi"
"06/04/2018","15:14:30","Ghineau","groom","Tushi"
"09/04/2018","15:20:16","Moni","groom","Morami"
"09/04/2018","15:47:11","Ghineau","groom","Tushi"
"09/04/2018","15:55:37","Tushi","groom","Giambo"
"09/04/2018","16:24:31","Ghineau","groom","Tushi"
"09/04/2018","16:39:53","Morami","groom","Raimee"
"09/04/2018","16:39:55","Fons","groom","Raimee"
"09/04/2018","16:44:36","Giambo","groom","Moni"
"10/04/2018","15:45:05","Roosje","groom","Raimee"
"10/04/2018","15:56:43","Roosje","groom","Raimee"
"10/04/2018","16:01:40","Morami","groom","Raimee"
"10/04/2018","16:01:42","Roosje","groom","Raimee"
"10/04/2018","16:06:39","Ghineau","groom","Tushi"
"10/04/2018","16:09:17","Tushi","groom","Geisha"
"10/04/2018","16:12:21","Geisha","groom","Morami"
"10/04/2018","16:18:33","Ghineau","groom","Tushi"
"10/04/2018","16:19:10","Gaby","groom","Ghineau"
"10/04/2018","16:19:30","Roosje","groom","Raimee"
"10/04/2018","16:19:45","Moni","groom","Roosje"
"10/04/2018","16:19:58","Moniek","groom","Jimmie"
"10/04/2018","16:21:37","Ghineau","groom","Jing"
"10/04/2018","16:21:39","Jing","groom","Tushi"
"10/04/2018","16:23:06","Jimmie","groom","Roosje"
"10/04/2018","16:23:44","Moniek","groom","Fons"
"10/04/2018","16:26:06","Raimee","groom","Moni"
"10/04/2018","16:26:37","Jimmie","groom","Gaby"
"10/04/2018","16:28:59","Moniek","groom","Jing"
"10/04/2018","16:29:48","Tushi","groom","Raimee"
"10/04/2018","16:30:32","Ghineau","groom","Tushi"
"10/04/2018","16:37:29","Tushi","groom","Jing"
"10/04/2018","16:38:31","Ghineau","groom","Giambo"
"10/04/2018","16:41:58","Giambo","groom","Raimee"
"10/04/2018","16:42:22","Ghineau","groom","Giambo"
"10/04/2018","16:42:32","Tushi","groom","Geisha"
"10/04/2018","16:42:36","Gaby","groom","Giambo"
"10/04/2018","16:43:04","Tushi","groom","Fons"
"10/04/2018","16:44:47","Morami","groom","Giambo"
"10/04/2018","16:45:03","Fons","groom","Morami"
"10/04/2018","16:46:01","Fons","groom","Jing"
"10/04/2018","16:46:30","Tushi","groom","Geisha"
"10/04/2018","16:47:19","Tesua","groom","Jing"
"10/04/2018","16:48:07","Fons","groom","Jing"
"10/04/2018","16:48:25","Jing","groom","Fons"
"10/04/2018","16:48:56","Gaby","groom","Ghineau"
"10/04/2018","16:49:02","Tushi","groom","Giambo"
"10/04/2018","16:52:24","Tesua","groom","Roosje"
"10/04/2018","16:54:29","Morami","groom","Tesua"
"10/04/2018","16:56:43","Gaby","groom","Ghineau"
"10/04/2018","16:57:41","Moni","groom","Morami"
"10/04/2018","16:58:27","Jing","groom","Ghineau"
"10/04/2018","16:59:02","Giambo","groom","Jing"
"10/04/2018","16:59:09","Jimmie","groom","Gaby"
"10/04/2018","16:59:38","Raimee","groom","Roosje"
"12/04/2018","14:02:21","Giambo","groom","Ghineau"
"12/04/2018","14:06:31","Jing","groom","Raimee"
"12/04/2018","14:10:01","Moniek","groom","Tesua"
"12/04/2018","14:11:06","Giambo","groom","Tesua"
"12/04/2018","14:13:16","Tushi","groom","Giambo"
"12/04/2018","14:16:03","Ghineau","groom","Tushi"
"12/04/2018","14:27:58","Moniek","groom","Fons"
"12/04/2018","14:30:49","Jing","groom","Moni"
"12/04/2018","14:31:53","Giambo","groom","Moni"
"12/04/2018","14:33:41","Roosje","groom","Raimee"
"12/04/2018","14:33:44","Moni","groom","Jimmie"
"12/04/2018","14:35:50","Tushi","groom","Giambo"
"12/04/2018","14:35:57","Fons","groom","Moniek"
"12/04/2018","14:39:08","Tesua","groom","Geisha"
"12/04/2018","14:52:54","Raimee","groom","Roosje"
"13/04/2018","12:14:38","Giambo","groom","Fons"
"13/04/2018","12:16:38","Tushi","groom","Jing"
"13/04/2018","12:23:50","Tesua","groom","Jimmie"
"13/04/2018","12:58:16","Roosje","groom","Raimee"
"13/04/2018","13:00:55","Giambo","groom","Raimee"
"13/04/2018","13:02:37","Moniek","groom","Jimmie"
"13/04/2018","13:05:07","Jing","groom","Giambo"
"13/04/2018","13:11:55","Roosje","groom","Raimee"
"13/04/2018","13:19:25","Tushi","groom","Jing"
"13/04/2018","13:23:10","Moni","groom","Tushi"
"13/04/2018","13:24:43","Tushi","groom","Jing"
"16/04/2018","10:34:01","Fons","groom","Giambo"
"16/04/2018","10:53:10","Jing","groom","Geisha"
"16/04/2018","10:56:21","Moniek","groom","Morami"
"16/04/2018","10:57:26","Roosje","groom","Jimmie"
"16/04/2018","10:58:37","Roosje","groom","Raimee"
"16/04/2018","10:59:14","Giambo","groom","Raimee"
"16/04/2018","11:07:08","Raimee","groom","Roosje"
"16/04/2018","11:14:29","Giambo","groom","Raimee"
"16/04/2018","11:14:31","Roosje","groom","Raimee"
"16/04/2018","11:30:56","Giambo","groom","Raimee"
"16/04/2018","11:35:06","Roosje","groom","Raimee"
"16/04/2018","11:35:30","Geisha","groom","Fons"
"16/04/2018","11:46:29","Tushi","groom","Gaby"
"16/04/2018","11:56:31","Ghineau","groom","Jing"
"17/04/2018","9:19:02","Ghineau","groom","Moni"
"17/04/2018","9:37:29","Geisha","groom","Ghineau"
"17/04/2018","9:54:56","Raimee","groom","Roosje"
"17/04/2018","9:56:13","Giambo","groom","Raimee"
"17/04/2018","10:00:34","Moni","groom","Ghineau"
"17/04/2018","10:04:41","Roosje","groom","Raimee"
"17/04/2018","10:04:43","Giambo","groom","Raimee"
"17/04/2018","10:05:09","Moni","groom","Erika"
"17/04/2018","10:08:22","Ghineau","groom","Erika"
"17/04/2018","10:37:35","Moniek","groom","Geisha"
"19/04/2018","9:02:14","Moniek","groom","Morami"
"19/04/2018","9:08:06","Moni","groom","Roosje"
"19/04/2018","9:29:54","Tushi","groom","Gaby"
"19/04/2018","9:32:53","Moniek","groom","Gaby"
"19/04/2018","9:35:00","Tushi","groom","Gaby"
"19/04/2018","9:36:55","Ghineau","groom","Jing"
"19/04/2018","9:37:01","Fons","groom","Gaby"
"19/04/2018","9:47:08","Giambo","groom","Morami"
"19/04/2018","9:47:11","Moniek","groom","Morami"
"19/04/2018","9:47:36","Ghineau","groom","Raimee"
"19/04/2018","9:51:52","Tushi","groom","Gaby"
"19/04/2018","9:55:43","Morami","groom","Moniek"
"19/04/2018","9:57:59","Jing","groom","Roosje"
"19/04/2018","10:03:20","Jimmie","groom","Moni"
"19/04/2018","10:28:19","Moni","groom","Morami"
"20/04/2018","11:11:07","Moni","groom","Raimee"
"20/04/2018","11:22:31","Morami","groom","Gaby"
"20/04/2018","11:30:46","Fons","groom","Morami"
"20/04/2018","11:37:33","Ghineau","groom","Roosje"
"20/04/2018","11:40:37","Gaby","groom","Roosje"
"20/04/2018","11:57:41","Jing","groom","Tesua"
"23/04/2018","12:12:26","Geisha","groom","Ghineau"
"23/04/2018","12:15:29","Tushi","groom","Gaby"
"23/04/2018","12:18:37","Jing","groom","Roosje"
"23/04/2018","12:19:03","Tushi","groom","Gaby"
"23/04/2018","12:20:37","Fons","groom","Ghineau"
"23/04/2018","12:23:05","Moniek","groom","Tesua"
"23/04/2018","12:27:17","Jing","groom","Giambo"
"23/04/2018","12:27:22","Fons","groom","Jing"
"23/04/2018","12:32:46","Tushi","groom","Gaby"
"23/04/2018","12:32:50","Roosje","groom","Gaby"
"23/04/2018","12:33:38","Fons","groom","Jing"
"23/04/2018","12:42:16","Ghineau","groom","Jing"
"23/04/2018","12:49:47","Giambo","groom","Moni"
"23/04/2018","13:03:12","Moniek","groom","Geisha"
"23/04/2018","13:14:18","Tushi","groom","Tesua"
"23/04/2018","13:18:13","Jing","groom","Raimee"
"23/04/2018","13:24:05","Jing","groom","Roosje"
"23/04/2018","13:29:55","Fons","groom","Gaby"
"23/04/2018","13:31:58","Raimee","groom","Tushi"
"24/04/2018","13:56:09","Jing","groom","Geisha"
"24/04/2018","13:57:21","Jing","groom","Tushi"
"24/04/2018","13:59:29","Raimee","groom","Roosje"
"24/04/2018","14:01:24","Tesua","groom","Morami"
"24/04/2018","14:03:01","Jing","groom","Giambo"
"24/04/2018","14:04:15","Jing","groom","Raimee"
"24/04/2018","14:06:14","Jing","groom","Raimee"
"24/04/2018","14:08:22","Jing","groom","Raimee"
"24/04/2018","14:31:54","Erika","groom","Gaby"
"24/04/2018","14:32:47","Erika","groom","Gaby"
"24/04/2018","14:33:13","Tushi","groom","Gaby"
"24/04/2018","14:34:26","Moni","groom","Tushi"
"24/04/2018","14:36:54","Morami","groom","Tushi"
"24/04/2018","14:37:47","Ghineau","groom","Jing"
"24/04/2018","14:37:51","Jing","groom","Roosje"
"24/04/2018","14:39:12","Moni","groom","Tushi"
"24/04/2018","14:39:46","Moni","groom","Morami"
"24/04/2018","14:40:11","Roosje","groom","Raimee"
"26/04/2018","15:36:02","Giambo","groom","Gaby"
"26/04/2018","15:36:09","Erika","groom","Gaby"
"26/04/2018","15:39:10","Tushi","groom","Gaby"
"26/04/2018","15:39:47","Morami","groom","Raimee"
"30/04/2018","15:59:14","Jing","groom","Raimee"
"30/04/2018","16:02:23","Jing","groom","Jimmie"
"30/04/2018","16:16:23","Giambo","groom","Roosje"
"30/04/2018","16:17:11","Roosje","groom","Raimee"
"30/04/2018","16:19:27","Giambo","groom","Roosje"
"01/05/2018","13:57:28","Jing","groom","Giambo"
"01/05/2018","14:07:06","Tesua","groom","Jimmie"
"01/05/2018","14:33:14","Moni","groom","Morami"
"01/05/2018","15:09:00","Ghineau","groom","Moni"
"03/05/2018","10:23:01","Ghineau","groom","Jimmie"
"04/05/2018","12:23:45","Moniek","groom","Tushi"
"04/05/2018","12:29:16","Raimee","groom","Morami"
"04/05/2018","12:37:24","Roosje","groom","Raimee"
"04/05/2018","12:49:00","Tesua","groom","Jimmie"
"04/05/2018","13:43:31","Tesua","groom","Gaby"
"07/05/2018","14:38:11","Fons","groom","Tushi"
"07/05/2018","14:42:59","Giambo","groom","Erika"
"07/05/2018","15:07:55","Roosje","groom","Erika"
"08/05/2018","16:38:41","Tushi","groom","Moni"
"11/05/2018","12:15:48","Fons","groom","Ghineau"
"11/05/2018","12:24:53","Fons","groom","Erika"
"11/05/2018","12:24:56","Tushi","groom","Giambo"
"11/05/2018","13:04:44","Tushi","groom","Moni"
"11/05/2018","13:25:54","Fons","groom","Giambo"
"11/05/2018","13:27:48","Ghineau","groom","Tushi"
"14/05/2018","14:21:05","Gaby","groom","Ghineau"
"14/05/2018","14:34:14","Geisha","groom","Morami"
"14/05/2018","14:51:10","Roosje","groom","Ghineau"
"14/05/2018","15:02:17","Geisha","groom","Ghineau"
"14/05/2018","15:10:33","Raimee","groom","Morami"
"15/05/2018","12:17:59","Fons","groom","Raimee"
"15/05/2018","12:19:23","Tushi","groom","Moni"
"15/05/2018","12:21:57","Giambo","groom","Tesua"
"15/05/2018","12:25:44","Fons","groom","Jing"
"15/05/2018","12:27:33","Tushi","groom","Moni"
"15/05/2018","12:27:37","Moni","groom","Ghineau"
"15/05/2018","13:14:12","Fons","groom","Raimee"
"15/05/2018","13:19:58","Ghineau","groom","Giambo"
"15/05/2018","13:20:54","Giambo","groom","Tesua"
"15/05/2018","13:23:55","Jing","groom","Gaby"
"15/05/2018","13:24:14","Roosje","groom","Raimee"
"15/05/2018","13:30:37","Giambo","groom","Tesua"
"15/05/2018","13:41:23","Morami","groom","Gaby"
"15/05/2018","13:41:45","Roosje","groom","Raimee"
"15/05/2018","13:41:51","Giambo","groom","Tesua"
"17/05/2018","14:09:22","Tesua","groom","Morami"
"17/05/2018","14:38:57","Tesua","groom","Tushi"
"17/05/2018","14:42:40","Tushi","groom","Gaby"
"17/05/2018","14:51:24","Erika","groom","Gaby"
"17/05/2018","15:16:08","Tushi","groom","Gaby"
"18/05/2018","15:38:19","Roosje","groom","Raimee"
"18/05/2018","15:43:50","Roosje","groom","Raimee"
"18/05/2018","16:03:47","Erika","groom","Gaby"
"18/05/2018","16:03:56","Tushi","groom","Gaby"
"18/05/2018","16:05:57","Giambo","groom","Tushi"
"18/05/2018","16:06:14","Tushi","groom","Gaby"
"18/05/2018","16:06:37","Moniek","groom","Tesua"
"18/05/2018","16:11:46","Moniek","groom","Morami"
"18/05/2018","16:15:08","Tushi","groom","Gaby"
"18/05/2018","16:15:12","Giambo","groom","Tushi"
"18/05/2018","16:15:23","Moni","groom","Giambo"
"18/05/2018","16:26:37","Roosje","groom","Raimee"
"18/05/2018","16:27:40","Jing","groom","Raimee"
"18/05/2018","16:27:53","Giambo","groom","Jing"
"18/05/2018","16:27:56","Roosje","groom","Raimee"
"18/05/2018","16:28:47","Jing","groom","Raimee"
"18/05/2018","16:28:55","Raimee","groom","Fons"
"18/05/2018","16:28:58","Fons","groom","Jing"
"18/05/2018","16:29:41","Tesua","groom","Fons"
"18/05/2018","16:29:46","Ghineau","groom","Tushi"
"18/05/2018","16:31:45","Moni","groom","Ghineau"
"18/05/2018","16:31:48","Erika","groom","Gaby"
"18/05/2018","16:41:41","Geisha","groom","Jing"
"18/05/2018","16:42:19","Tushi","groom","Roosje"
"18/05/2018","16:46:12","Tushi","groom","Gaby"
"18/05/2018","16:48:30","Geisha","groom","Raimee"
"18/05/2018","16:49:49","Tushi","groom","Gaby"
"18/05/2018","16:49:55","Roosje","groom","Raimee"
"18/05/2018","16:51:28","Moni","groom","Giambo"
"18/05/2018","16:54:11","Erika","groom","Jimmie"
"18/05/2018","16:54:34","Geisha","groom","Raimee"
"18/05/2018","16:54:44","Jing","groom","Raimee"
"18/05/2018","16:55:40","Roosje","groom","Raimee"
"18/05/2018","16:56:01","Geisha","groom","Jing"
"18/05/2018","16:57:17","Jing","groom","Giambo"
"18/05/2018","16:57:37","Jing","groom","Raimee"
"18/05/2018","16:58:27","Giambo","groom","Tushi"
"18/05/2018","16:58:39","Moni","groom","Giambo"
"18/05/2018","16:58:57","Roosje","groom","Raimee"
"18/05/2018","16:59:42","Moniek","groom","Morami"
"22/05/2018","12:26:04","Morami","groom","Moniek"
"22/05/2018","12:26:59","Morami","groom","Moniek"
"22/05/2018","12:33:45","Tushi","groom","Gaby"
"22/05/2018","12:36:37","Tushi","groom","Gaby"
"22/05/2018","13:30:10","Tesua","groom","Jimmie"
"22/05/2018","13:30:38","Tesua","groom","Giambo"
"22/05/2018","13:31:19","Tesua","groom","Jimmie"
"22/05/2018","13:43:14","Fons","groom","Ghineau"
"24/05/2018","10:10:40","Giambo","groom","Gaby"
"24/05/2018","10:11:28","Jing","groom","Tushi"
"24/05/2018","10:19:57","Tushi","groom","Geisha"
"24/05/2018","10:54:04","Tushi","groom","Fons"
"24/05/2018","10:56:45","Fons","groom","Tushi"
"24/05/2018","11:04:52","Gaby","groom","Ghineau"
"24/05/2018","11:05:09","Tesua","groom","Moniek"
"24/05/2018","11:18:26","Raimee","groom","Morami"
"24/05/2018","11:24:04","Tushi","groom","Raimee"
"24/05/2018","11:29:24","Tushi","groom","Raimee"
"25/05/2018","10:05:41","Tesua","groom","Tushi"
"25/05/2018","10:21:49","Moni","groom","Ghineau"
"25/05/2018","10:43:30","Moni","groom","Morami"
"25/05/2018","10:44:43","Ghineau","groom","Tesua"
"25/05/2018","11:29:14","Fons","groom","Tushi"
"28/05/2018","11:21:47","Ghineau","groom","Erika"
"28/05/2018","11:22:56","Roosje","groom","Erika"
"28/05/2018","11:24:29","Jing","groom","Gaby"
"28/05/2018","11:27:42","Ghineau","groom","Erika"
"28/05/2018","11:35:02","Roosje","groom","Erika"
"28/05/2018","11:53:57","Moni","groom","Giambo"
"28/05/2018","11:54:14","Jing","groom","Gaby"
"28/05/2018","12:06:48","Jing","groom","Gaby"
"28/05/2018","12:07:31","Fons","groom","Roosje"
"28/05/2018","12:17:46","Giambo","groom","Moni"
"28/05/2018","12:29:37","Raimee","groom","Tushi"
"28/05/2018","12:32:01","Jing","groom","Gaby"
