"date","hour","time","ID1","behavior","ID2"
"24.1.2020",1,"15:00","Jimmie","prox","Ghineau"
"24.1.2020",1,"15:00","Ghineau","prox","Geisha"
"24.1.2020",1,"15:00","Geisha","prox","Raimee"
"24.1.2020",1,"15:00","Ghineau","prox","Raimee"
"24.1.2020",1,"15:00","Raimee","prox","Giambo"
"24.1.2020",1,"15:00","Giambo","prox","Tesua"
"24.1.2020",1,"15:00","Giambo","prox","Moni"
"24.1.2020",1,"15:00","Tesua","prox","Moni"
"24.1.2020",1,"15:03","Tesua","groom","Giambo"
"24.1.2020",1,"15:05","Jimmie","groom","Ghineau"
"24.1.2020",1,"15:06","Tesua","groom","Giambo"
"24.1.2020",1,"15:07","Morami","groom","Geisha"
"24.1.2020",1,"15:08","Tesua","groom","Ghineau"
"24.1.2020",1,"15:09","Giambo","groom","Tesua"
"24.1.2020",1,"15:10","Tushi","groom","Geisha"
"24.1.2020",1,"15:11","Ghineau","groom","Giambo"
"24.1.2020",1,"15:12","Tushi","groom","Raimee"
"24.1.2020",1,"15:15","Geisha","prox","Morami"
"24.1.2020",1,"15:15","Ghineau","prox","Tesua"
"24.1.2020",1,"15:15","Giambo","prox","Ghineau"
"24.1.2020",1,"15:15","Giambo","prox","Tesua"
"24.1.2020",1,"15:15","Tushi","prox","Raimee"
"24.1.2020",1,"15:15","Raimee","prox","Giambo"
"24.1.2020",1,"15:19","Gaby","groom","Ghineau"
"24.1.2020",1,"15:20","Tesua","groom","Ghineau"
"24.1.2020",1,"15:30","Tushi","prox","Giambo"
"24.1.2020",1,"15:30","Tushi","prox","Tesua"
"24.1.2020",1,"15:30","Tesua","prox","Giambo"
"24.1.2020",1,"15:30","Morami","prox","Giambo"
"24.1.2020",1,"15:30","Geisha","prox","Giambo"
"24.1.2020",1,"15:30","Geisha","prox","Tushi"
"24.1.2020",1,"15:30","Morami","prox","Tushi"
"24.1.2020",1,"15:34","Tesua","groom","Tushi"
"24.1.2020",1,"15:36","Moniek","groom","Jimmie"
"24.1.2020",1,"15:38","Roosje","groom","Raimee"
"24.1.2020",1,"15:40","Tesua","groom","Tushi"
"24.1.2020",1,"15:41","Giambo","groom","Tesua"
"24.1.2020",1,"15:45","Jimmie","prox","Moniek"
"24.1.2020",1,"15:45","Giambo","prox","Tesua"
"24.1.2020",1,"15:45","Tushi","prox","Geisha"
"24.1.2020",1,"15:45","Raimee","prox","Roosje"
"24.1.2020",1,"15:47","Geisha","groom","Tushi"
"24.1.2020",1,"15:50","Tushi","groom","Geisha"
"24.1.2020",1,"15:51","Raimee","groom","Roosje"
"24.1.2020",1,"15:53","Tesua","groom","Tushi"
"24.1.2020",1,"16:00","Erika","prox","Giambo"
"24.1.2020",1,"16:00","Giambo","prox","Jimmie"
"24.1.2020",1,"16:00","Morami","prox","Giambo"
"24.1.2020",1,"16:00","Morami","prox","Jimmie"
"24.1.2020",1,"16:00","Erika","prox","Jimmie"
"24.1.2020",1,"16:00","Roosje","prox","Raimee"
"27.1.2020",2,"11:15","Ghineau","prox","Jing"
"27.1.2020",2,"11:15","Gaby","prox","Giambo"
"27.1.2020",2,"11:15","Giambo","prox","Geisha"
"27.1.2020",2,"11:15","Geisha","prox","Tesua"
"27.1.2020",2,"11:15","Jimmie","prox","Moniek"
"27.1.2020",2,"11:30","Gaby","prox","Erika"
"27.1.2020",2,"11:30","Giambo","prox","Geisha"
"27.1.2020",2,"11:30","Geisha","prox","Tesua"
"27.1.2020",2,"11:30","Roosje","prox","Moni"
"27.1.2020",2,"11:30","Jimmie","prox","Moniek"
"27.1.2020",2,"11:45","Jing","prox","Ghineau"
"27.1.2020",2,"11:45","Gaby","prox","Giambo"
"27.1.2020",2,"11:45","Giambo","prox","Geisha"
"27.1.2020",2,"11:45","Geisha","prox","Tesua"
"27.1.2020",2,"11:45","Moni","prox","Fons"
"27.1.2020",2,"12:00","Raimee","prox","Roosje"
"27.1.2020",2,"12:00","Giambo","prox","Tesua"
"27.1.2020",2,"12:00","Tesua","prox","Jimmie"
"27.1.2020",2,"12:00","Jimmie","prox","Giambo"
"27.1.2020",2,"12:00","Jimmie","prox","Jing"
"27.1.2020",2,"12:00","Giambo","prox","Jing"
"27.1.2020",2,"12:00","Jing","prox","Fons"
"27.1.2020",2,"12:00","Giambo","groom","Jing"
"27.1.2020",2,"12:05","Roosje","groom","Raimee"
"27.1.2020",2,"12:09","Roosje","groom","Raimee"
"27.1.2020",2,"12:15","Morami","prox","Raimee"
"27.1.2020",3,"12:30","Moni","prox","Morami"
"27.1.2020",3,"12:30","Morami","prox","Raimee"
"27.1.2020",3,"12:30","Geisha","prox","Raimee"
"27.1.2020",3,"12:30","Geisha","prox","Moni"
"27.1.2020",3,"12:30","Geisha","prox","Morami"
"27.1.2020",3,"12:30","Geisha","prox","Roosje"
"27.1.2020",3,"12:30","Roosje","prox","Moni"
"27.1.2020",3,"12:30","Tesua","prox","Giambo"
"27.1.2020",3,"12:30","Moni","groom","Morami"
"27.1.2020",3,"12:30","Geisha","groom","Raimee"
"27.1.2020",3,"12:30","Roosje","groom","Raimee"
"27.1.2020",3,"12:30","Tesua","groom","Geisha"
"27.1.2020",3,"12:31","Geisha","groom","Moni"
"27.1.2020",3,"12:31","Morami","groom","Geisha"
"27.1.2020",3,"12:32","Roosje","groom","Raimee"
"27.1.2020",3,"12:33","Moni","groom","Geisha"
"27.1.2020",3,"12:37","Moni","groom","Morami"
"27.1.2020",3,"12:40","Geisha","groom","Raimee"
"27.1.2020",3,"12:42","Giambo","groom","Ghineau"
"27.1.2020",3,"12:43","Roosje","groom","Raimee"
"27.1.2020",3,"12:45","Ghineau","prox","Giambo"
"27.1.2020",3,"12:45","Ghineau","prox","Tushi"
"27.1.2020",3,"12:45","Giambo","prox","Tushi"
"27.1.2020",3,"12:45","Jing","prox","Gaby"
"27.1.2020",3,"12:45","Jing","prox","Morami"
"27.1.2020",3,"12:45","Roosje","prox","Raimee"
"27.1.2020",3,"12:45","Roosje","prox","Geisha"
"27.1.2020",3,"12:45","Raimee","prox","Geisha"
"27.1.2020",3,"12:45","Geisha","prox","Moni"
"27.1.2020",3,"12:45","Roosje","prox","Moni"
"27.1.2020",3,"13:00","Ghineau","prox","Gaby"
"27.1.2020",3,"13:00","Ghineau","prox","Tesua"
"27.1.2020",3,"13:00","Giambo","prox","Morami"
"27.1.2020",3,"13:09","Moni","groom","Ghineau"
"27.1.2020",3,"13:15","Gaby","prox","Tesua"
"27.1.2020",3,"13:15","Jing","prox","Ghineau"
"27.1.2020",3,"13:15","Giambo","prox","Erika"
"27.1.2020",3,"13:15","Fons","prox","Jimmie"
"27.1.2020",3,"13:22","Ghineau","groom","Giambo"
"27.1.2020",3,"13:29","Gaby","groom","Ghineau"
"27.1.2020",3,"13:30","Ghineau","prox","Gaby"
"27.1.2020",3,"13:30","Ghineau","prox","Tesua"
"27.1.2020",3,"13:30","Tesua","prox","Giambo"
"27.1.2020",3,"13:30","Morami","prox","Giambo"
"27.1.2020",3,"13:30","Roosje","prox","Jing"
"27.1.2020",3,"13:30","Raimee","prox","Jing"
"27.1.2020",4,"14:00","Jing","prox","Moniek"
"27.1.2020",4,"14:00","Morami","prox","Moni"
"27.1.2020",4,"14:00","Giambo","prox","Tesua"
"27.1.2020",4,"14:00","Raimee","prox","Fons"
"27.1.2020",4,"14:00","Jimmie","prox","Jing"
"27.1.2020",4,"14:15","Roosje","prox","Erika"
"27.1.2020",4,"14:15","Ghineau","prox","Erika"
"27.1.2020",4,"14:15","Erika","prox","Morami"
"27.1.2020",4,"14:15","Giambo","prox","Moniek"
"27.1.2020",4,"14:15","Ghineau","prox","Morami"
"27.1.2020",4,"14:30","Moni","prox","Gaby"
"27.1.2020",4,"14:30","Ghineau","prox","Moni"
"27.1.2020",4,"14:30","Ghineau","prox","Gaby"
"27.1.2020",4,"14:30","Moni","prox","Tesua"
"27.1.2020",4,"14:30","Tesua","prox","Giambo"
"27.1.2020",4,"14:30","Tesua","prox","Tushi"
"27.1.2020",4,"14:30","Giambo","prox","Tushi"
"27.1.2020",4,"14:30","Jing","prox","Morami"
"27.1.2020",4,"14:30","Morami","prox","Roosje"
"27.1.2020",4,"14:30","Jing","prox","Roosje"
"27.1.2020",4,"14:45","Tushi","prox","Geisha"
"27.1.2020",4,"14:45","Erika","prox","Geisha"
"27.1.2020",4,"14:45","Erika","prox","Giambo"
"27.1.2020",4,"14:45","Giambo","prox","Tesua"
"27.1.2020",4,"14:45","Ghineau","prox","Moni"
"27.1.2020",4,"14:45","Raimee","prox","Gaby"
"27.1.2020",4,"14:50","Moni","groom","Ghineau"
"27.1.2020",4,"14:55","Ghineau","groom","Gaby"
"27.1.2020",4,"14:57","Moni","groom","Gaby"
"27.1.2020",4,"14:59","Gaby","groom","Ghineau"
"27.1.2020",4,"15:00","Morami","prox","Tushi"
"27.1.2020",4,"15:00","Tushi","prox","Moni"
"27.1.2020",4,"15:00","Moni","prox","Gaby"
"27.1.2020",4,"15:00","Gaby","prox","Ghineau"
"27.1.2020",4,"15:00","Tushi","prox","Gaby"
"27.1.2020",4,"15:00","Moni","prox","Ghineau"
"27.1.2020",4,"15:00","Giambo","prox","Tesua"
"31.1.2020",5,"09:45","Jing","prox","Erika"
"31.1.2020",5,"09:45","Jing","prox","Moniek"
"31.1.2020",5,"09:45","Jing","prox","Fons"
"31.1.2020",5,"10:00","Geisha","prox","Roosje"
"31.1.2020",5,"10:00","Roosje","prox","Gaby"
"31.1.2020",5,"10:00","Gaby","prox","Jing"
"31.1.2020",5,"10:00","Morami","prox","Moniek"
"31.1.2020",5,"10:00","Tushi","prox","Erika"
"31.1.2020",5,"10:15","Raimee","prox","Geisha"
"31.1.2020",5,"10:15","Roosje","prox","Geisha"
"31.1.2020",5,"10:15","Roosje","prox","Gaby"
"31.1.2020",5,"10:15","Gaby","prox","Jing"
"31.1.2020",5,"10:15","Erika","prox","Tushi"
"31.1.2020",5,"10:15","Morami","prox","Moniek"
"31.1.2020",5,"10:30","Jimmie","prox","Tesua"
"31.1.2020",5,"10:30","Moni","prox","Tushi"
"31.1.2020",5,"10:30","Raimee","prox","Geisha"
"31.1.2020",5,"10:30","Geisha","prox","Roosje"
"31.1.2020",5,"10:30","Roosje","prox","Gaby"
"31.1.2020",5,"10:30","Gaby","prox","Jing"
"31.1.2020",5,"10:45","Tushi","prox","Ghineau"
"31.1.2020",5,"10:45","Moniek","prox","Jimmie"
"31.1.2020",5,"10:45","Jimmie","prox","Tesua"
"31.1.2020",5,"10:45","Raimee","prox","Geisha"
"31.1.2020",5,"10:45","Geisha","prox","Roosje"
"31.1.2020",5,"10:45","Roosje","prox","Gaby"
"31.1.2020",5,"10:45","Gaby","prox","Jing"
"31.1.2020",6,"12:15","Moniek","prox","Morami"
"31.1.2020",6,"12:15","Morami","prox","Roosje"
"31.1.2020",6,"12:15","Roosje","prox","Raimee"
"31.1.2020",6,"12:15","Raimee","prox","Giambo"
"31.1.2020",6,"12:15","Roosje","prox","Giambo"
"31.1.2020",6,"12:15","Roosje","prox","Jimmie"
"31.1.2020",6,"12:15","Tushi","prox","Ghineau"
"31.1.2020",6,"12:20","Ghineau","groom","Giambo"
"31.1.2020",6,"12:30","Tushi","prox","Moni"
"31.1.2020",6,"12:30","Tushi","prox","Gaby"
"31.1.2020",6,"12:30","Moni","prox","Gaby"
"31.1.2020",6,"12:30","Raimee","prox","Gaby"
"31.1.2020",6,"12:30","Tesua","prox","Roosje"
"31.1.2020",6,"12:30","Roosje","prox","Jimmie"
"31.1.2020",6,"12:30","Jimmie","prox","Morami"
"31.1.2020",6,"12:30","Ghineau","prox","Giambo"
"31.1.2020",6,"12:30","Geisha","prox","Ghineau"
"31.1.2020",6,"12:35","Jing","groom","Giambo"
"31.1.2020",6,"12:35","Ghineau","groom","Jing"
"31.1.2020",6,"12:45","Morami","prox","Moni"
"31.1.2020",6,"12:45","Tushi","prox","Raimee"
"31.1.2020",6,"13:00","Jimmie","prox","Moniek"
"31.1.2020",6,"13:00","Jimmie","prox","Giambo"
"31.1.2020",6,"13:00","Erika","prox","Raimee"
"31.1.2020",6,"13:00","Roosje","prox","Jing"
"31.1.2020",6,"13:00","Moniek","prox","Giambo"
"31.1.2020",6,"13:00","Giambo","prox","Morami"
"31.1.2020",6,"13:00","Morami","prox","Tesua"
"31.1.2020",6,"13:05","Giambo","groom","Jimmie"
"31.1.2020",6,"13:07","Tesua","groom","Giambo"
"31.1.2020",6,"13:14","Moniek","groom","Roosje"
"31.1.2020",6,"13:15","Gaby","prox","Jimmie"
"31.1.2020",6,"13:15","Jimmie","prox","Giambo"
"31.1.2020",6,"13:15","Giambo","prox","Tesua"
"31.1.2020",6,"13:15","Jimmie","prox","Tesua"
"31.1.2020",6,"13:15","Tesua","prox","Roosje"
"31.1.2020",6,"13:15","Roosje","prox","Moniek"
"31.1.2020",6,"13:15","Moniek","prox","Geisha"
"31.1.2020",7,"14:45","Giambo","prox","Roosje"
"31.1.2020",7,"14:45","Roosje","prox","Geisha"
"31.1.2020",7,"14:45","Geisha","prox","Moni"
"31.1.2020",7,"14:45","Moni","prox","Tesua"
"31.1.2020",7,"14:45","Tesua","prox","Moniek"
"31.1.2020",7,"14:45","Moniek","prox","Morami"
"31.1.2020",7,"14:45","Tesua","prox","Geisha"
"31.1.2020",7,"14:45","Ghineau","prox","Gaby"
"31.1.2020",7,"14:45","Geisha","groom","Moni"
"31.1.2020",7,"14:51","Moni","groom","Morami"
"31.1.2020",7,"14:55","Erika","groom","Gaby"
"31.1.2020",7,"14:59","Tesua","groom","Moniek"
"31.1.2020",7,"15:00","Giambo","prox","Roosje"
"31.1.2020",7,"15:00","Roosje","prox","Geisha"
"31.1.2020",7,"15:00","Geisha","prox","Morami"
"31.1.2020",7,"15:00","Morami","prox","Moni"
"31.1.2020",7,"15:00","Geisha","prox","Moni"
"31.1.2020",7,"15:00","Moni","prox","Tesua"
"31.1.2020",7,"15:00","Morami","prox","Tesua"
"31.1.2020",7,"15:00","Tesua","prox","Moniek"
"31.1.2020",7,"15:00","Gaby","prox","Ghineau"
"31.1.2020",7,"15:02","Moni","groom","Morami"
"31.1.2020",7,"15:15","Ghineau","prox","Gaby"
"31.1.2020",7,"15:15","Giambo","prox","Roosje"
"31.1.2020",7,"15:15","Roosje","prox","Geisha"
"31.1.2020",7,"15:15","Geisha","prox","Morami"
"31.1.2020",7,"15:15","Morami","prox","Moni"
"31.1.2020",7,"15:15","Morami","prox","Tesua"
"31.1.2020",7,"15:15","Geisha","prox","Moni"
"31.1.2020",7,"15:15","Moniek","prox","Tesua"
"31.1.2020",7,"15:30","Morami","prox","Geisha"
"31.1.2020",7,"15:30","Moniek","prox","Raimee"
"31.1.2020",7,"15:33","Tesua","groom","Giambo"
"31.1.2020",7,"15:35","Fons","groom","Moni"
"31.1.2020",7,"15:45","Giambo","prox","Geisha"
"31.1.2020",7,"15:45","Geisha","prox","Morami"
"31.1.2020",7,"15:45","Tesua","prox","Gaby"
"31.1.2020",7,"15:45","Moni","prox","Ghineau"
"3.2.2020",8,"10:00","Tushi","prox","Geisha"
"3.2.2020",8,"10:12","Raimee","groom","Tushi"
"3.2.2020",8,"10:13","Raimee","groom","Gaby"
"3.2.2020",8,"10:15","Tushi","prox","Raimee"
"3.2.2020",8,"10:15","Raimee","prox","Gaby"
"3.2.2020",8,"10:15","Roosje","prox","Tesua"
"3.2.2020",8,"10:15","Tesua","prox","Geisha"
"3.2.2020",8,"10:15","Geisha","prox","Giambo"
"3.2.2020",8,"10:30","Roosje","prox","Tesua"
"3.2.2020",8,"10:30","Tesua","prox","Geisha"
"3.2.2020",8,"10:30","Geisha","prox","Giambo"
"3.2.2020",8,"10:45","Roosje","prox","Tesua"
"3.2.2020",8,"10:45","Tesua","prox","Geisha"
"3.2.2020",8,"10:45","Geisha","prox","Giambo"
"3.2.2020",8,"10:45","Raimee","prox","Ghineau"
"3.2.2020",8,"11:00","Roosje","prox","Tesua"
"3.2.2020",8,"11:00","Tesua","prox","Geisha"
"3.2.2020",8,"11:00","Geisha","prox","Giambo"
"3.2.2020",8,"11:00","Geisha","prox","Raimee"
"3.2.2020",9,"12:30","Ghineau","prox","Giambo"
"3.2.2020",9,"12:30","Ghineau","prox","Raimee"
"3.2.2020",9,"12:30","Giambo","prox","Raimee"
"3.2.2020",9,"12:30","Giambo","prox","Erika"
"3.2.2020",9,"12:30","Raimee","prox","Erika"
"3.2.2020",9,"12:30","Ghineau","prox","Gaby"
"3.2.2020",9,"12:30","Raimee","prox","Gaby"
"3.2.2020",9,"12:30","Ghineau","groom","Giambo"
"3.2.2020",9,"12:38","Gaby","groom","Giambo"
"3.2.2020",9,"12:45","Ghineau","prox","Gaby"
"3.2.2020",9,"12:45","Gaby","prox","Raimee"
"3.2.2020",9,"12:45","Raimee","prox","Tesua"
"3.2.2020",9,"12:45","Gaby","prox","Tesua"
"3.2.2020",9,"12:45","Ghineau","prox","Raimee"
"3.2.2020",9,"12:48","Ghineau","groom","Giambo"
"3.2.2020",9,"12:49","Tushi","groom","Giambo"
"3.2.2020",9,"13:00","Gaby","prox","Ghineau"
"3.2.2020",9,"13:00","Morami","prox","Raimee"
"3.2.2020",9,"13:00","Morami","prox","Moni"
"3.2.2020",9,"13:00","Moni","prox","Geisha"
"3.2.2020",9,"13:00","Moni","groom","Geisha"
"3.2.2020",9,"13:02","Roosje","groom","Raimee"
"3.2.2020",9,"13:10","Moni","groom","Geisha"
"3.2.2020",9,"13:12","Geisha","groom","Morami"
"3.2.2020",9,"13:13","Geisha","groom","Raimee"
"3.2.2020",9,"13:14","Moni","groom","Morami"
"3.2.2020",9,"13:15","Giambo","prox","Tushi"
"3.2.2020",9,"13:15","Giambo","prox","Gaby"
"3.2.2020",9,"13:15","Tushi","prox","Ghineau"
"3.2.2020",9,"13:15","Giambo","prox","Ghineau"
"3.2.2020",9,"13:15","Gaby","prox","Ghineau"
"3.2.2020",9,"13:15","Roosje","prox","Geisha"
"3.2.2020",9,"13:15","Roosje","prox","Raimee"
"3.2.2020",9,"13:15","Raimee","prox","Morami"
"3.2.2020",9,"13:15","Morami","prox","Moni"
"3.2.2020",9,"13:15","Raimee","prox","Geisha"
"3.2.2020",9,"13:15","Gaby","groom","Ghineau"
"3.2.2020",9,"13:30","Giambo","prox","Tushi"
"3.2.2020",9,"13:30","Tushi","prox","Ghineau"
"3.2.2020",9,"13:30","Giambo","prox","Ghineau"
"3.2.2020",9,"13:30","Ghineau","prox","Gaby"
"3.2.2020",9,"13:30","Morami","prox","Geisha"
"3.2.2020",9,"13:30","Tushi","prox","Moniek"
"3.2.2020",10,"13:45","Tushi","prox","Gaby"
"3.2.2020",10,"13:45","Gaby","prox","Ghineau"
"3.2.2020",10,"13:45","Tushi","prox","Ghineau"
"3.2.2020",10,"13:45","Moni","prox","Morami"
"3.2.2020",10,"13:45","Moni","prox","Geisha"
"3.2.2020",10,"13:45","Geisha","prox","Morami"
"3.2.2020",10,"13:45","Geisha","prox","Roosje"
"3.2.2020",10,"13:46","Tushi","groom","Giambo"
"3.2.2020",10,"13:47","Giambo","groom","Ghineau"
"3.2.2020",10,"14:00","Tushi","prox","Giambo"
"3.2.2020",10,"14:00","Giambo","prox","Ghineau"
"3.2.2020",10,"14:00","Ghineau","prox","Tushi"
"3.2.2020",10,"14:00","Moni","prox","Morami"
"3.2.2020",10,"14:00","Moni","prox","Geisha"
"3.2.2020",10,"14:00","Morami","prox","Geisha"
"3.2.2020",10,"14:00","Moniek","prox","Tesua"
"3.2.2020",10,"14:03","Tushi","groom","Giambo"
"3.2.2020",10,"14:15","Morami","prox","Geisha"
"3.2.2020",10,"14:15","Jing","prox","Gaby"
"3.2.2020",10,"14:15","Raimee","prox","Ghineau"
"3.2.2020",10,"14:30","Jing","prox","Ghineau"
"3.2.2020",10,"14:30","Erika","prox","Jing"
"3.2.2020",10,"14:30","Erika","prox","Ghineau"
"3.2.2020",10,"14:30","Fons","prox","Tushi"
"3.2.2020",10,"14:30","Tushi","prox","Raimee"
"3.2.2020",10,"14:30","Geisha","prox","Morami"
"3.2.2020",10,"14:38","Moni","groom","Raimee"
"3.2.2020",10,"14:40","Tesua","groom","Moni"
"3.2.2020",10,"14:45","Jimmie","prox","Raimee"
"3.2.2020",10,"14:45","Ghineau","prox","Roosje"
"6.2.2020",11,"10:15","Moniek","prox","Jing"
"6.2.2020",11,"10:15","Moniek","prox","Giambo"
"6.2.2020",11,"10:15","Jing","prox","Giambo"
"6.2.2020",11,"10:15","Morami","prox","Moni"
"6.2.2020",11,"10:15","Morami","prox","Gaby"
"6.2.2020",11,"10:15","Moni","prox","Gaby"
"6.2.2020",11,"10:15","Moni","prox","Geisha"
"6.2.2020",11,"10:15","Roosje","prox","Raimee"
"6.2.2020",11,"10:21","Moniek","groom","Jing"
"6.2.2020",11,"10:30","Tushi","prox","Gaby"
"6.2.2020",11,"10:30","Tushi","prox","Moni"
"6.2.2020",11,"10:30","Moni","prox","Raimee"
"6.2.2020",11,"10:30","Raimee","prox","Roosje"
"6.2.2020",11,"10:30","Moni","prox","Roosje"
"6.2.2020",11,"10:30","Raimee","prox","Geisha"
"6.2.2020",11,"10:30","Moniek","prox","Fons"
"6.2.2020",11,"10:45","Moniek","prox","Jimmie"
"6.2.2020",11,"10:45","Fons","prox","Raimee"
"6.2.2020",11,"10:45","Raimee","prox","Tesua"
"6.2.2020",11,"10:45","Tesua","prox","Tushi"
"6.2.2020",11,"11:00","Moniek","prox","Jimmie"
"6.2.2020",11,"11:00","Ghineau","prox","Giambo"
"6.2.2020",11,"11:00","Ghineau","prox","Geisha"
"6.2.2020",11,"11:00","Giambo","prox","Geisha"
"6.2.2020",11,"11:15","Giambo","prox","Geisha"
"6.2.2020",11,"11:15","Gaby","prox","Tesua"
"6.2.2020",12,"11:45","Tushi","prox","Tesua"
"6.2.2020",12,"11:45","Tesua","prox","Raimee"
"6.2.2020",12,"11:45","Tesua","prox","Gaby"
"6.2.2020",12,"11:45","Tushi","prox","Gaby"
"6.2.2020",12,"11:45","Raimee","prox","Gaby"
"6.2.2020",12,"11:45","Raimee","prox","Morami"
"6.2.2020",12,"11:45","Moni","prox","Roosje"
"6.2.2020",12,"12:00","Raimee","prox","Moni"
"6.2.2020",12,"12:00","Moni","prox","Morami"
"6.2.2020",12,"12:00","Morami","prox","Tesua"
"6.2.2020",12,"12:00","Tesua","prox","Roosje"
"6.2.2020",12,"12:11","Raimee","groom","Moni"
"6.2.2020",12,"12:15","Moni","prox","Raimee"
"6.2.2020",12,"12:15","Raimee","prox","Morami"
"6.2.2020",12,"12:15","Morami","prox","Gaby"
"6.2.2020",12,"12:18","Moni","groom","Raimee"
"6.2.2020",12,"12:22","Ghineau","groom","Giambo"
"6.2.2020",12,"12:30","Erika","prox","Moniek"
"6.2.2020",12,"12:30","Moniek","prox","Raimee"
"6.2.2020",12,"12:30","Raimee","prox","Morami"
"6.2.2020",12,"12:30","Morami","prox","Tushi"
"6.2.2020",12,"12:30","Tushi","prox","Moni"
"6.2.2020",12,"12:30","Roosje","prox","Gaby"
"6.2.2020",12,"12:30","Jimmie","prox","Tesua"
"6.2.2020",12,"12:37","Moni","groom","Moniek"
"6.2.2020",12,"12:41","Erika","groom","Giambo"
"6.2.2020",12,"12:41","Ghineau","groom","Erika"
"6.2.2020",12,"12:45","Morami","prox","Moniek"
"6.2.2020",12,"12:45","Morami","prox","Geisha"
"6.2.2020",12,"12:45","Moniek","prox","Geisha"
"7.2.2020",13,"10:15","Moni","prox","Raimee"
"7.2.2020",13,"10:15","Raimee","prox","Morami"
"7.2.2020",13,"10:15","Morami","prox","Tushi"
"7.2.2020",13,"10:15","Morami","prox","Geisha"
"7.2.2020",13,"10:15","Geisha","prox","Tesua"
"7.2.2020",13,"10:15","Geisha","prox","Raimee"
"7.2.2020",13,"10:15","Raimee","prox","Giambo"
"7.2.2020",13,"10:15","Morami","prox","Giambo"
"7.2.2020",13,"10:15","Roosje","prox","Morami"
"7.2.2020",13,"10:15","Roosje","prox","Tesua"
"7.2.2020",13,"10:15","Fons","prox","Tushi"
"7.2.2020",13,"10:15","Ghineau","prox","Jing"
"7.2.2020",13,"10:15","Gaby","prox","Jimmie"
"7.2.2020",13,"10:15","Tesua","groom","Geisha"
"7.2.2020",13,"10:15","Raimee","groom","Morami"
"7.2.2020",13,"10:15","Ghineau","groom","Jing"
"7.2.2020",13,"10:19","Moni","groom","Morami"
"7.2.2020",13,"10:26","Morami","groom","Geisha"
"7.2.2020",13,"10:30","Ghineau","prox","Jing"
"7.2.2020",13,"10:30","Roosje","prox","Jimmie"
"7.2.2020",13,"10:30","Jimmie","prox","Moni"
"7.2.2020",13,"10:30","Roosje","prox","Moni"
"7.2.2020",13,"10:30","Raimee","prox","Moni"
"7.2.2020",13,"10:30","Moni","prox","Morami"
"7.2.2020",13,"10:30","Morami","prox","Geisha"
"7.2.2020",13,"10:30","Morami","prox","Tesua"
"7.2.2020",13,"10:30","Tesua","prox","Geisha"
"7.2.2020",13,"10:30","Tesua","prox","Raimee"
"7.2.2020",13,"10:30","Morami","prox","Roosje"
"7.2.2020",13,"10:33","Tesua","groom","Morami"
"7.2.2020",13,"10:35","Tesua","groom","Jimmie"
"7.2.2020",13,"10:36","Ghineau","groom","Jing"
"7.2.2020",13,"10:39","Jimmie","groom","Geisha"
"7.2.2020",13,"10:39","Tesua","groom","Jimmie"
"7.2.2020",13,"10:45","Tushi","prox","Ghineau"
"7.2.2020",13,"10:45","Geisha","prox","Jimmie"
"7.2.2020",13,"10:45","Jimmie","prox","Moni"
"7.2.2020",13,"10:45","Jimmie","prox","Morami"
"7.2.2020",13,"10:45","Moni","prox","Morami"
"7.2.2020",13,"10:45","Moniek","prox","Roosje"
"7.2.2020",13,"10:46","Tushi","groom","Ghineau"
"7.2.2020",13,"10:48","Roosje","groom","Raimee"
"7.2.2020",13,"10:48","Geisha","groom","Raimee"
"7.2.2020",13,"11:00","Geisha","prox","Jing"
"7.2.2020",13,"11:00","Tushi","prox","Ghineau"
"7.2.2020",13,"11:00","Moni","prox","Morami"
"7.2.2020",13,"11:00","Roosje","prox","Moniek"
"7.2.2020",13,"11:15","Raimee","prox","Morami"
"7.2.2020",14,"11:30","Ghineau","prox","Giambo"
"7.2.2020",14,"11:30","Raimee","prox","Roosje"
"7.2.2020",14,"11:30","Roosje","prox","Morami"
"7.2.2020",14,"11:30","Raimee","prox","Morami"
"7.2.2020",14,"11:30","Raimee","prox","Moniek"
"7.2.2020",14,"11:30","Moniek","prox","Tushi"
"7.2.2020",14,"11:30","Tushi","prox","Morami"
"7.2.2020",14,"11:30","Raimee","groom","Roosje"
"7.2.2020",14,"11:30","Morami","groom","Roosje"
"7.2.2020",14,"11:34","Moniek","groom","Raimee"
"7.2.2020",14,"11:36","Geisha","groom","Raimee"
"7.2.2020",14,"11:36","Moniek","groom","Morami"
"7.2.2020",14,"11:37","Moni","groom","Geisha"
"7.2.2020",14,"11:37","Ghineau","groom","Giambo"
"7.2.2020",14,"11:40","Moni","groom","Morami"
"7.2.2020",14,"11:40","Moniek","groom","Morami"
"7.2.2020",14,"11:40","Fons","groom","Erika"
"7.2.2020",14,"11:45","Moni","prox","Geisha"
"7.2.2020",14,"11:45","Geisha","prox","Moniek"
"7.2.2020",14,"11:45","Moniek","prox","Morami"
"7.2.2020",14,"11:45","Morami","prox","Raimee"
"7.2.2020",14,"11:45","Fons","prox","Erika"
"7.2.2020",14,"11:45","Fons","prox","Giambo"
"7.2.2020",14,"11:45","Erika","prox","Giambo"
"7.2.2020",14,"11:45","Ghineau","prox","Giambo"
"7.2.2020",14,"11:49","Moniek","groom","Geisha"
"7.2.2020",14,"11:49","Moni","groom","Geisha"
"7.2.2020",14,"11:49","Raimee","groom","Morami"
"7.2.2020",14,"11:51","Moniek","groom","Raimee"
"7.2.2020",14,"11:54","Moniek","groom","Morami"
"7.2.2020",14,"11:55","Moniek","groom","Raimee"
"7.2.2020",14,"11:56","Roosje","groom","Raimee"
"7.2.2020",14,"11:57","Moniek","groom","Geisha"
"7.2.2020",14,"12:00","Gaby","prox","Moniek"
"7.2.2020",14,"12:00","Moni","prox","Geisha"
"7.2.2020",14,"12:00","Geisha","prox","Roosje"
"7.2.2020",14,"12:00","Roosje","prox","Raimee"
"7.2.2020",14,"12:00","Geisha","prox","Raimee"
"7.2.2020",14,"12:00","Raimee","prox","Morami"
"7.2.2020",14,"12:00","Roosje","prox","Morami"
"7.2.2020",14,"12:02","Roosje","groom","Raimee"
"7.2.2020",14,"12:03","Tesua","groom","Ghineau"
"7.2.2020",14,"12:06","Raimee","groom","Morami"
"7.2.2020",14,"12:06","Morami","groom","Moniek"
"7.2.2020",14,"12:10","Moni","groom","Geisha"
"7.2.2020",14,"12:11","Moni","groom","Moniek"
"7.2.2020",14,"12:12","Geisha","groom","Ghineau"
"7.2.2020",14,"12:12","Roosje","groom","Giambo"
"7.2.2020",14,"12:13","Moni","groom","Morami"
"7.2.2020",14,"12:15","Tushi","prox","Ghineau"
"7.2.2020",14,"12:15","Moni","prox","Morami"
"7.2.2020",14,"12:15","Morami","prox","Moniek"
"7.2.2020",14,"12:15","Morami","prox","Geisha"
"7.2.2020",14,"12:15","Geisha","prox","Tesua"
"7.2.2020",14,"12:15","Tesua","prox","Giambo"
"7.2.2020",14,"12:15","Moniek","prox","Tesua"
"7.2.2020",14,"12:16","Geisha","groom","Giambo"
"7.2.2020",14,"12:20","Moniek","groom","Morami"
"7.2.2020",14,"12:30","Tushi","prox","Gaby"
"7.2.2020",14,"12:30","Gaby","prox","Moni"
"7.2.2020",14,"12:30","Morami","prox","Roosje"
"10.2.2020",15,"10:00","Jing","prox","Moniek"
"10.2.2020",15,"10:00","Raimee","prox","Gaby"
"10.2.2020",15,"10:15","Jimmie","prox","Tushi"
"10.2.2020",15,"10:15","Jimmie","prox","Gaby"
"10.2.2020",15,"10:15","Morami","prox","Geisha"
"10.2.2020",15,"10:30","Erika","prox","Moniek"
"10.2.2020",15,"10:30","Ghineau","prox","Geisha"
"10.2.2020",15,"10:30","Jing","prox","Raimee"
"10.2.2020",15,"10:45","Jimmie","prox","Roosje"
"10.2.2020",15,"11:00","Moniek","prox","Jimmie"
"10.2.2020",15,"11:00","Jimmie","prox","Roosje"
"10.2.2020",16,"13:00","Moniek","prox","Morami"
"10.2.2020",16,"13:15","Gaby","prox","Erika"
"10.2.2020",16,"13:15","Morami","prox","Jimmie"
"10.2.2020",16,"13:15","Jimmie","prox","Moniek"
"10.2.2020",16,"13:15","Fons","prox","Jing"
"10.2.2020",16,"13:30","Moniek","prox","Jimmie"
"10.2.2020",16,"13:30","Erika","prox","Raimee"
"10.2.2020",16,"13:30","Raimee","prox","Tushi"
"10.2.2020",16,"13:40","Erika","groom","Gaby"
"10.2.2020",16,"13:43","Moniek","groom","Morami"
"10.2.2020",16,"13:45","Erika","prox","Gaby"
"10.2.2020",16,"13:45","Erika","prox","Giambo"
"10.2.2020",16,"13:45","Gaby","prox","Giambo"
"10.2.2020",16,"13:45","Giambo","prox","Roosje"
"10.2.2020",16,"13:45","Roosje","prox","Fons"
"10.2.2020",16,"13:45","Tushi","prox","Moniek"
"10.2.2020",16,"13:45","Moniek","prox","Morami"
"10.2.2020",16,"13:45","Morami","prox","Raimee"
"10.2.2020",16,"13:46","Moniek","groom","Morami"
"10.2.2020",16,"13:52","Raimee","groom","Morami"
"10.2.2020",16,"13:58","Geisha","groom","Tushi"
"10.2.2020",16,"14:00","Raimee","prox","Morami"
"10.2.2020",16,"14:00","Moniek","prox","Morami"
"10.2.2020",16,"14:00","Moniek","prox","Geisha"
"10.2.2020",16,"14:00","Moniek","prox","Tushi"
"10.2.2020",16,"14:00","Geisha","prox","Tushi"
"10.2.2020",16,"14:00","Erika","prox","Gaby"
"10.2.2020",17,"14:30","Tesua","prox","Tushi"
"10.2.2020",17,"14:41","Ghineau","groom","Jing"
"10.2.2020",17,"14:44","Morami","groom","Geisha"
"10.2.2020",17,"14:45","Raimee","prox","Morami"
"10.2.2020",17,"14:45","Morami","prox","Geisha"
"10.2.2020",17,"14:45","Geisha","prox","Jimmie"
"10.2.2020",17,"14:45","Jing","prox","Ghineau"
"10.2.2020",17,"14:45","Tesua","prox","Giambo"
"10.2.2020",17,"14:48","Moniek","groom","Jing"
"10.2.2020",17,"14:51","Giambo","groom","Jing"
"10.2.2020",17,"14:57","Tesua","groom","Jimmie"
"10.2.2020",17,"15:00","Ghineau","prox","Tushi"
"10.2.2020",17,"15:30","Morami","prox","Jimmie"
"10.2.2020",17,"15:30","Raimee","prox","Giambo"
"20.2.2020",18,"13:00","Moni","prox","Raimee"
"20.2.2020",18,"13:00","Raimee","prox","Gaby"
"20.2.2020",18,"13:00","Moni","prox","Gaby"
"20.2.2020",18,"13:00","Raimee","prox","Roosje"
"20.2.2020",18,"13:00","Roosje","prox","Jing"
"20.2.2020",18,"13:00","Fons","prox","Jimmie"
"20.2.2020",18,"13:00","Giambo","prox","Morami"
"20.2.2020",18,"13:00","Raimee","groom","Moni"
"20.2.2020",18,"13:00","Roosje","groom","Raimee"
"20.2.2020",18,"13:07","Roosje","groom","Raimee"
"20.2.2020",18,"13:15","Giambo","prox","Raimee"
"20.2.2020",18,"13:15","Roosje","prox","Raimee"
"20.2.2020",18,"13:15","Gaby","prox","Roosje"
"20.2.2020",18,"13:15","Erika","prox","Moni"
"20.2.2020",18,"13:27","Moni","groom","Jing"
"20.2.2020",18,"13:28","Tesua","groom","Raimee"
"20.2.2020",18,"13:30","Ghineau","prox","Giambo"
"20.2.2020",18,"13:30","Giambo","prox","Moniek"
"20.2.2020",18,"13:30","Giambo","prox","Raimee"
"20.2.2020",18,"13:30","Raimee","prox","Moniek"
"20.2.2020",18,"13:30","Raimee","prox","Morami"
"20.2.2020",18,"13:30","Morami","prox","Moniek"
"20.2.2020",18,"13:30","Moniek","prox","Moni"
"20.2.2020",18,"13:30","Moni","prox","Morami"
"20.2.2020",18,"13:30","Tesua","prox","Morami"
"20.2.2020",18,"13:30","Tesua","prox","Raimee"
"20.2.2020",18,"13:30","Tesua","prox","Roosje"
"20.2.2020",18,"13:30","Roosje","prox","Morami"
"20.2.2020",18,"13:30","Roosje","prox","Raimee"
"20.2.2020",18,"13:30","Roosje","prox","Erika"
"20.2.2020",18,"13:30","Erika","prox","Gaby"
"20.2.2020",18,"13:30","Gaby","prox","Jing"
"20.2.2020",18,"13:30","Erika","prox","Jing"
"20.2.2020",18,"13:30","Jing","prox","Geisha"
"20.2.2020",18,"13:30","Jing","prox","Moni"
"20.2.2020",18,"13:30","Roosje","prox","Moni"
"20.2.2020",18,"13:31","Moniek","groom","Morami"
"20.2.2020",18,"13:31","Moni","groom","Morami"
"20.2.2020",18,"13:32","Roosje","groom","Raimee"
"20.2.2020",18,"13:33","Tesua","groom","Erika"
"20.2.2020",18,"13:42","Ghineau","groom","Moni"
"20.2.2020",18,"13:45","Ghineau","prox","Moni"
"20.2.2020",18,"13:45","Giambo","prox","Ghineau"
"20.2.2020",18,"13:45","Giambo","prox","Moni"
"20.2.2020",18,"13:45","Moni","prox","Raimee"
"20.2.2020",18,"13:45","Raimee","prox","Morami"
"20.2.2020",18,"13:45","Roosje","prox","Moni"
"20.2.2020",18,"13:45","Roosje","prox","Raimee"
"20.2.2020",18,"13:45","Roosje","prox","Morami"
"20.2.2020",18,"13:45","Roosje","prox","Giambo"
"20.2.2020",18,"13:45","Tesua","prox","Morami"
"20.2.2020",18,"13:45","Tesua","prox","Raimee"
"20.2.2020",18,"13:45","Tesua","prox","Erika"
"20.2.2020",18,"13:45","Erika","prox","Gaby"
"20.2.2020",18,"13:45","Erika","prox","Moniek"
"20.2.2020",18,"13:45","Gaby","prox","Moniek"
"20.2.2020",18,"13:45","Jing","prox","Geisha"
"20.2.2020",18,"13:48","Roosje","groom","Giambo"
"20.2.2020",18,"13:57","Morami","groom","Raimee"
"20.2.2020",18,"13:59","Jing","groom","Moni"
"20.2.2020",18,"14:00","Ghineau","prox","Giambo"
"20.2.2020",18,"14:00","Giambo","prox","Roosje"
"20.2.2020",18,"14:00","Roosje","prox","Raimee"
"20.2.2020",18,"14:00","Roosje","prox","Morami"
"20.2.2020",18,"14:00","Morami","prox","Raimee"
"20.2.2020",18,"14:00","Tesua","prox","Morami"
"20.2.2020",18,"14:00","Tesua","prox","Giambo"
"20.2.2020",18,"14:00","Tesua","prox","Ghineau"
"20.2.2020",18,"14:00","Erika","prox","Gaby"
"20.2.2020",18,"14:00","Erika","prox","Raimee"
"20.2.2020",18,"14:00","Moni","prox","Jing"
"20.2.2020",18,"14:00","Jing","prox","Geisha"
"20.2.2020",18,"14:00","Moni","prox","Geisha"
"20.2.2020",19,"14:15","Giambo","prox","Geisha"
"20.2.2020",19,"14:15","Geisha","prox","Raimee"
"20.2.2020",19,"14:15","Giambo","prox","Raimee"
"20.2.2020",19,"14:15","Giambo","prox","Roosje"
"20.2.2020",19,"14:15","Geisha","prox","Roosje"
"20.2.2020",19,"14:15","Roosje","prox","Tushi"
"20.2.2020",19,"14:15","Tushi","prox","Ghineau"
"20.2.2020",19,"14:15","Roosje","prox","Ghineau"
"20.2.2020",19,"14:15","Tesua","prox","Gaby"
"20.2.2020",19,"14:15","Gaby","prox","Erika"
"20.2.2020",19,"14:15","Gaby","prox","Tushi"
"20.2.2020",19,"14:15","Erika","prox","Tushi"
"20.2.2020",19,"14:15","Moni","prox","Jing"
"20.2.2020",19,"14:15","Tushi","groom","Gaby"
"20.2.2020",19,"14:20","Morami","groom","Moniek"
"20.2.2020",19,"14:20","Tushi","groom","Jimmie"
"20.2.2020",19,"14:20","Erika","groom","Gaby"
"20.2.2020",19,"14:24","Tesua","groom","Tushi"
"20.2.2020",19,"14:26","Roosje","groom","Raimee"
"20.2.2020",19,"14:29","Jing","groom","Fons"
"20.2.2020",19,"14:30","Raimee","prox","Roosje"
"20.2.2020",19,"14:30","Raimee","prox","Jing"
"20.2.2020",19,"14:30","Roosje","prox","Jing"
"20.2.2020",19,"14:30","Jing","prox","Fons"
"20.2.2020",19,"14:30","Fons","prox","Giambo"
"20.2.2020",19,"14:30","Jing","prox","Giambo"
"20.2.2020",19,"14:30","Moniek","prox","Geisha"
"20.2.2020",19,"14:30","Erika","prox","Tushi"
"20.2.2020",19,"14:30","Tushi","prox","Jimmie"
"20.2.2020",19,"14:30","Fons","groom","Giambo"
"20.2.2020",19,"14:32","Geisha","groom","Moniek"
"20.2.2020",19,"14:34","Moni","groom","Gaby"
"20.2.2020",19,"14:36","Ghineau","groom","Jing"
"20.2.2020",19,"14:37","Tesua","groom","Jimmie"
"20.2.2020",19,"14:37","Morami","groom","Moni"
"20.2.2020",19,"14:37","Roosje","groom","Tushi"
"20.2.2020",19,"14:37","Moniek","groom","Tushi"
"20.2.2020",19,"14:45","Jimmie","prox","Tushi"
"20.2.2020",19,"15:00","Giambo","prox","Jimmie"
"20.2.2020",19,"15:00","Morami","prox","Moniek"
"20.2.2020",19,"15:00","Morami","prox","Ghineau"
"20.2.2020",19,"15:00","Ghineau","prox","Moniek"
"20.2.2020",19,"15:15","Morami","prox","Geisha"
"20.2.2020",19,"15:15","Morami","prox","Raimee"
"20.2.2020",19,"15:15","Geisha","prox","Raimee"
"20.2.2020",19,"15:15","Jing","prox","Giambo"
"24.2.2020",20,"10:15","Moni","prox","Morami"
"24.2.2020",20,"10:15","Moni","prox","Geisha"
"24.2.2020",20,"10:15","Morami","prox","Geisha"
"24.2.2020",20,"10:15","Ghineau","prox","Tushi"
"24.2.2020",20,"10:15","Tushi","prox","Tesua"
"24.2.2020",20,"10:15","Tesua","prox","Giambo"
"24.2.2020",20,"10:15","Giambo","prox","Fons"
"24.2.2020",20,"10:15","Giambo","prox","Moniek"
"24.2.2020",20,"10:15","Fons","prox","Moniek"
"24.2.2020",20,"10:30","Roosje","prox","Raimee"
"24.2.2020",20,"10:30","Roosje","prox","Gaby"
"24.2.2020",20,"10:30","Raimee","prox","Gaby"
"24.2.2020",20,"10:44","Roosje","groom","Raimee"
"24.2.2020",20,"10:45","Roosje","prox","Raimee"
"24.2.2020",20,"10:45","Roosje","prox","Gaby"
"24.2.2020",20,"10:45","Raimee","prox","Gaby"
"24.2.2020",20,"10:45","Moniek","prox","Giambo"
"24.2.2020",20,"11:00","Roosje","prox","Gaby"
"24.2.2020",20,"11:00","Giambo","prox","Moniek"
"24.2.2020",20,"11:30","Jing","prox","Giambo"
"24.2.2020",20,"11:45","Ghineau","prox","Gaby"
"24.2.2020",20,"11:45","Gaby","prox","Erika"
"24.2.2020",20,"11:45","Jing","prox","Fons"
"24.2.2020",20,"11:45","Jing","prox","Giambo"
"24.2.2020",20,"11:45","Fons","prox","Giambo"
"27.2.2020",21,"13:00","Tushi","prox","Raimee"
"27.2.2020",21,"13:00","Raimee","prox","Ghineau"
"27.2.2020",21,"13:00","Tushi","prox","Ghineau"
"27.2.2020",21,"13:00","Erika","prox","Ghineau"
"27.2.2020",21,"13:00","Erika","prox","Raimee"
"27.2.2020",21,"13:00","Moni","prox","Erika"
"27.2.2020",21,"13:00","Moni","prox","Raimee"
"27.2.2020",21,"13:00","Moni","prox","Ghineau"
"27.2.2020",21,"13:00","Moni","groom","Erika"
"27.2.2020",21,"13:03","Moni","groom","Ghineau"
"27.2.2020",21,"13:05","Moni","groom","Moniek"
"27.2.2020",21,"13:06","Moni","groom","Moniek"
"27.2.2020",21,"13:08","Moni","groom","Moniek"
"27.2.2020",21,"13:10","Tushi","groom","Ghineau"
"27.2.2020",21,"13:10","Moni","groom","Moniek"
"27.2.2020",21,"13:11","Moni","groom","Moniek"
"27.2.2020",21,"13:15","Tushi","prox","Ghineau"
"27.2.2020",21,"13:15","Tesua","prox","Morami"
"27.2.2020",21,"13:15","Morami","prox","Jimmie"
"27.2.2020",21,"13:30","Tushi","prox","Ghineau"
"27.2.2020",21,"13:30","Roosje","prox","Geisha"
"27.2.2020",21,"13:30","Tesua","prox","Morami"
"27.2.2020",21,"13:30","Morami","prox","Jimmie"
"27.2.2020",21,"13:32","Tushi","groom","Giambo"
"27.2.2020",21,"13:34","Fons","groom","Ghineau"
"27.2.2020",21,"13:37","Ghineau","groom","Giambo"
"27.2.2020",21,"13:38","Fons","groom","Giambo"
"27.2.2020",21,"13:44","Tushi","groom","Moni"
"27.2.2020",21,"13:45","Ghineau","prox","Giambo"
"27.2.2020",21,"13:45","Giambo","prox","Moni"
"27.2.2020",21,"13:45","Giambo","prox","Tushi"
"27.2.2020",21,"13:45","Ghineau","prox","Tushi"
"27.2.2020",21,"13:45","Moni","prox","Tushi"
"27.2.2020",21,"13:45","Morami","groom","Gaby"
"27.2.2020",21,"13:49","Tesua","groom","Giambo"
"27.2.2020",21,"14:00","Tushi","prox","Jimmie"
"27.2.2020",21,"14:00","Raimee","prox","Jing"
"27.2.2020",21,"14:00","Raimee","prox","Ghineau"
"27.2.2020",21,"14:00","Ghineau","prox","Jing"
"27.2.2020",21,"14:00","Moni","prox","Morami"
"27.2.2020",21,"14:00","Moni","prox","Moniek"
"27.2.2020",21,"14:00","Moniek","prox","Morami"
"27.2.2020",21,"14:00","Moni","prox","Gaby"
"27.2.2020",21,"14:00","Morami","prox","Gaby"
"27.2.2020",21,"14:00","Moniek","prox","Gaby"
"28.2.2020",22,"10:30","Tesua","prox","Moniek"
"28.2.2020",22,"10:30","Roosje","prox","Ghineau"
"28.2.2020",22,"10:30","Raimee","prox","Fons"
"28.2.2020",22,"10:30","Geisha","prox","Fons"
"28.2.2020",22,"10:30","Raimee","prox","Geisha"
"28.2.2020",22,"10:30","Moni","prox","Gaby"
"28.2.2020",22,"10:38","Ghineau","groom","Jimmie"
"28.2.2020",22,"10:45","Tushi","prox","Tesua"
"28.2.2020",22,"10:45","Tesua","prox","Jimmie"
"28.2.2020",22,"10:45","Tesua","prox","Moniek"
"28.2.2020",22,"10:45","Moniek","prox","Jimmie"
"28.2.2020",22,"10:45","Moniek","prox","Raimee"
"28.2.2020",22,"10:45","Roosje","prox","Gaby"
"28.2.2020",22,"10:45","Roosje","prox","Geisha"
"28.2.2020",22,"10:45","Gaby","prox","Geisha"
"28.2.2020",22,"10:48","Ghineau","groom","Jing"
"28.2.2020",22,"10:52","Morami","groom","Jing"
"28.2.2020",22,"10:56","Ghineau","groom","Jing"
"28.2.2020",22,"11:00","Erika","prox","Giambo"
"28.2.2020",22,"11:00","Tushi","prox","Tesua"
"28.2.2020",22,"11:00","Tesua","prox","Jimmie"
"28.2.2020",22,"11:00","Jimmie","prox","Moniek"
"28.2.2020",22,"11:00","Moniek","prox","Raimee"
"28.2.2020",22,"11:00","Tesua","prox","Moniek"
"28.2.2020",22,"11:00","Geisha","prox","Gaby"
"28.2.2020",22,"11:00","Geisha","prox","Roosje"
"28.2.2020",22,"11:00","Roosje","prox","Gaby"
"28.2.2020",22,"11:00","Ghineau","prox","Jing"
"28.2.2020",22,"11:00","Jing","prox","Morami"
"28.2.2020",22,"11:00","Ghineau","prox","Morami"
"28.2.2020",22,"11:15","Tesua","prox","Moniek"
"28.2.2020",22,"11:15","Ghineau","prox","Jing"
"28.2.2020",22,"11:15","Tushi","prox","Tesua"
"28.2.2020",22,"11:15","Tesua","prox","Jimmie"
"28.2.2020",22,"11:15","Jimmie","prox","Moniek"
"28.2.2020",22,"11:15","Moniek","prox","Raimee"
"28.2.2020",22,"11:15","Roosje","prox","Fons"
"28.2.2020",22,"11:15","Roosje","prox","Geisha"
"28.2.2020",22,"11:15","Fons","prox","Geisha"
"28.2.2020",22,"11:30","Tushi","prox","Tesua"
"28.2.2020",22,"11:30","Tesua","prox","Jimmie"
"28.2.2020",22,"11:30","Jimmie","prox","Moniek"
"28.2.2020",22,"11:30","Tesua","prox","Moniek"
"28.2.2020",22,"11:30","Moniek","prox","Raimee"
"28.2.2020",22,"11:30","Roosje","prox","Fons"
"28.2.2020",22,"11:30","Fons","prox","Geisha"
"28.2.2020",22,"11:30","Roosje","prox","Geisha"
"2.3.2020",23,"10:30","Giambo","prox","Ghineau"
"2.3.2020",23,"10:30","Jing","prox","Morami"
"2.3.2020",23,"10:30","Jimmie","prox","Tushi"
"2.3.2020",23,"10:30","Geisha","prox","Raimee"
"2.3.2020",23,"10:30","Raimee","prox","Roosje"
"2.3.2020",23,"10:30","Jing","groom","Morami"
"2.3.2020",23,"10:31","Moniek","groom","Jing"
"2.3.2020",23,"10:31","Ghineau","groom","Giambo"
"2.3.2020",23,"10:32","Moniek","groom","Giambo"
"2.3.2020",23,"10:38","Morami","groom","Moniek"
"2.3.2020",23,"10:38","Giambo","groom","Morami"
"2.3.2020",23,"10:45","Giambo","prox","Morami"
"2.3.2020",23,"10:45","Giambo","prox","Moniek"
"2.3.2020",23,"10:45","Morami","prox","Moniek"
"2.3.2020",23,"10:45","Morami","prox","Ghineau"
"2.3.2020",23,"10:45","Moniek","prox","Ghineau"
"2.3.2020",23,"10:45","Jimmie","prox","Tushi"
"2.3.2020",23,"10:45","Geisha","prox","Raimee"
"2.3.2020",23,"10:45","Raimee","prox","Roosje"
"2.3.2020",23,"11:00","Giambo","prox","Morami"
"2.3.2020",23,"11:00","Tushi","prox","Jimmie"
"2.3.2020",23,"11:00","Geisha","prox","Raimee"
"2.3.2020",23,"11:00","Raimee","prox","Roosje"
"2.3.2020",23,"11:00","Ghineau","prox","Jing"
"2.3.2020",23,"11:00","Jing","prox","Gaby"
"2.3.2020",23,"11:15","Ghineau","prox","Jing"
"2.3.2020",23,"11:15","Jing","prox","Gaby"
"2.3.2020",23,"11:15","Roosje","prox","Raimee"
"2.3.2020",23,"11:15","Raimee","prox","Geisha"
"2.3.2020",23,"11:30","Morami","prox","Giambo"
"2.3.2020",23,"11:30","Ghineau","prox","Jing"
"2.3.2020",23,"11:30","Jing","prox","Gaby"
"2.3.2020",23,"11:30","Roosje","prox","Raimee"
"2.3.2020",23,"11:30","Raimee","prox","Geisha"
"2.3.2020",24,"13:00","Jing","prox","Moniek"
"2.3.2020",24,"13:00","Erika","prox","Raimee"
"2.3.2020",24,"13:00","Ghineau","prox","Morami"
"2.3.2020",24,"13:14","Ghineau","groom","Raimee"
"2.3.2020",24,"13:15","Ghineau","prox","Raimee"
"2.3.2020",24,"13:15","Raimee","prox","Gaby"
"2.3.2020",24,"13:15","Morami","prox","Geisha"
"2.3.2020",24,"13:15","Fons","groom","Raimee"
"2.3.2020",24,"13:15","Ghineau","groom","Raimee"
"2.3.2020",24,"13:29","Ghineau","groom","Jimmie"
"2.3.2020",24,"13:30","Ghineau","prox","Jimmie"
"2.3.2020",24,"13:30","Jimmie","prox","Moniek"
"2.3.2020",24,"13:30","Ghineau","prox","Moniek"
"2.3.2020",24,"13:30","Tesua","prox","Tushi"
"2.3.2020",24,"13:30","Tushi","prox","Roosje"
"2.3.2020",24,"13:30","Tushi","prox","Raimee"
"2.3.2020",24,"13:30","Roosje","prox","Raimee"
"2.3.2020",24,"13:31","Moniek","groom","Jimmie"
"2.3.2020",24,"13:41","Moniek","groom","Jimmie"
"2.3.2020",24,"13:44","Moniek","groom","Jimmie"
"2.3.2020",24,"13:45","Ghineau","prox","Jimmie"
"2.3.2020",24,"13:45","Ghineau","prox","Moniek"
"2.3.2020",24,"13:45","Jimmie","prox","Moniek"
"2.3.2020",24,"13:45","Tesua","prox","Tushi"
"2.3.2020",24,"13:45","Tushi","prox","Roosje"
"2.3.2020",24,"13:45","Roosje","prox","Raimee"
"2.3.2020",24,"13:45","Tushi","prox","Raimee"
"2.3.2020",24,"13:54","Moniek","groom","Ghineau"
"2.3.2020",24,"13:57","Moniek","groom","Giambo"
"2.3.2020",24,"14:00","Tesua","prox","Jimmie"
"2.3.2020",24,"14:00","Tesua","prox","Tushi"
"2.3.2020",24,"14:00","Tushi","prox","Roosje"
"2.3.2020",24,"14:00","Tushi","prox","Raimee"
"2.3.2020",24,"14:00","Raimee","prox","Roosje"
"5.3.2020",25,"13:30","Ghineau","prox","Gaby"
"5.3.2020",25,"13:30","Tesua","prox","Jimmie"
"5.3.2020",25,"13:30","Jimmie","prox","Geisha"
"5.3.2020",25,"13:30","Morami","prox","Moniek"
"5.3.2020",25,"13:30","Morami","groom","Moniek"
"5.3.2020",25,"13:34","Erika","groom","Giambo"
"5.3.2020",25,"13:37","Raimee","groom","Roosje"
"5.3.2020",25,"13:38","Gaby","groom","Ghineau"
"5.3.2020",25,"13:43","Giambo","groom","Ghineau"
"5.3.2020",25,"13:44","Gaby","groom","Giambo"
"5.3.2020",25,"13:45","Gaby","prox","Giambo"
"5.3.2020",25,"13:45","Giambo","prox","Ghineau"
"5.3.2020",25,"13:45","Gaby","prox","Ghineau"
"5.3.2020",25,"13:45","Fons","prox","Raimee"
"5.3.2020",25,"13:45","Moni","prox","Roosje"
"5.3.2020",25,"13:45","Roosje","prox","Jimmie"
"5.3.2020",25,"13:45","Jimmie","prox","Geisha"
"5.3.2020",25,"13:45","Geisha","prox","Roosje"
"5.3.2020",25,"13:45","Moni","prox","Jimmie"
"5.3.2020",25,"13:45","Moni","groom","Roosje"
"5.3.2020",25,"13:51","Ghineau","groom","Giambo"
"5.3.2020",25,"13:57","Moni","groom","Gaby"
"5.3.2020",25,"13:59","Tushi","groom","Giambo"
"5.3.2020",25,"13:59","Jing","groom","Tushi"
"5.3.2020",25,"14:00","Morami","prox","Raimee"
"5.3.2020",25,"14:00","Raimee","prox","Erika"
"5.3.2020",25,"14:00","Morami","prox","Erika"
"5.3.2020",25,"14:00","Jing","prox","Tushi"
"5.3.2020",25,"14:00","Jing","prox","Giambo"
"5.3.2020",25,"14:00","Giambo","prox","Tushi"
"5.3.2020",25,"14:00","Giambo","prox","Ghineau"
"5.3.2020",25,"14:00","Moni","prox","Gaby"
"5.3.2020",25,"14:00","Gaby","prox","Roosje"
"5.3.2020",25,"14:00","Moni","prox","Roosje"
"5.3.2020",25,"14:00","Roosje","prox","Jimmie"
"5.3.2020",25,"14:00","Gaby","prox","Jimmie"
"5.3.2020",25,"14:00","Jimmie","prox","Geisha"
"5.3.2020",25,"14:04","Raimee","groom","Morami"
"5.3.2020",25,"14:07","Tushi","groom","Giambo"
"5.3.2020",25,"14:07","Ghineau","groom","Giambo"
"5.3.2020",25,"14:09","Erika","groom","Roosje"
"5.3.2020",25,"14:09","Gaby","groom","Raimee"
"5.3.2020",25,"14:10","Geisha","groom","Morami"
"5.3.2020",25,"14:11","Roosje","groom","Raimee"
"5.3.2020",25,"14:11","Tesua","groom","Jimmie"
"5.3.2020",25,"14:12","Raimee","groom","Roosje"
"5.3.2020",25,"14:13","Gaby","groom","Erika"
"5.3.2020",25,"14:13","Raimee","groom","Roosje"
"5.3.2020",25,"14:14","Geisha","groom","Morami"
"5.3.2020",25,"14:15","Gaby","prox","Erika"
"5.3.2020",25,"14:15","Erika","prox","Morami"
"5.3.2020",25,"14:15","Erika","prox","Geisha"
"5.3.2020",25,"14:15","Morami","prox","Geisha"
"5.3.2020",25,"14:15","Roosje","prox","Raimee"
"5.3.2020",25,"14:15","Roosje","prox","Jimmie"
"5.3.2020",25,"14:15","Raimee","prox","Jimmie"
"5.3.2020",25,"14:15","Tesua","prox","Jimmie"
"5.3.2020",25,"14:15","Tesua","prox","Raimee"
"5.3.2020",25,"14:15","Tushi","prox","Ghineau"
"5.3.2020",25,"14:15","Tushi","prox","Giambo"
"5.3.2020",25,"14:15","Ghineau","prox","Giambo"
"5.3.2020",25,"14:16","Jimmie","groom","Roosje"
"5.3.2020",25,"14:18","Moniek","groom","Morami"
"5.3.2020",25,"14:19","Moni","groom","Moniek"
"5.3.2020",25,"14:22","Jimmie","groom","Roosje"
"5.3.2020",25,"14:22","Raimee","groom","Roosje"
"5.3.2020",25,"14:22","Moniek","groom","Morami"
"5.3.2020",25,"14:25","Morami","groom","Moniek"
"5.3.2020",25,"14:25","Geisha","groom","Morami"
"5.3.2020",25,"14:27","Moniek","groom","Morami"
"5.3.2020",25,"14:28","Moni","groom","Moniek"
"5.3.2020",25,"14:30","Raimee","prox","Roosje"
"5.3.2020",25,"14:30","Raimee","prox","Tesua"
"5.3.2020",25,"14:30","Roosje","prox","Tesua"
"5.3.2020",25,"14:30","Jimmie","prox","Roosje"
"5.3.2020",25,"14:30","Jimmie","prox","Tesua"
"5.3.2020",25,"14:30","Moni","prox","Moniek"
"5.3.2020",25,"14:30","Moni","prox","Morami"
"5.3.2020",25,"14:30","Moniek","prox","Morami"
"5.3.2020",25,"14:30","Moniek","prox","Geisha"
"5.3.2020",25,"14:30","Erika","prox","Morami"
"5.3.2020",25,"14:30","Erika","prox","Geisha"
"5.3.2020",25,"14:30","Erika","prox","Gaby"
"5.3.2020",25,"14:30","Ghineau","prox","Giambo"
"5.3.2020",25,"14:30","Giambo","prox","Tushi"
"6.3.2020",26,"10:30","Moniek","prox","Erika"
"6.3.2020",26,"10:30","Erika","prox","Gaby"
"6.3.2020",26,"10:30","Gaby","prox","Moniek"
"6.3.2020",26,"10:30","Moni","prox","Raimee"
"6.3.2020",26,"10:30","Moni","prox","Jimmie"
"6.3.2020",26,"10:30","Moni","prox","Fons"
"6.3.2020",26,"10:30","Raimee","prox","Fons"
"6.3.2020",26,"10:30","Raimee","prox","Jimmie"
"6.3.2020",26,"10:30","Fons","prox","Jimmie"
"6.3.2020",26,"10:30","Jimmie","prox","Roosje"
"6.3.2020",26,"10:30","Raimee","prox","Roosje"
"6.3.2020",26,"10:30","Roosje","prox","Tesua"
"6.3.2020",26,"10:30","Roosje","prox","Geisha"
"6.3.2020",26,"10:30","Geisha","prox","Morami"
"6.3.2020",26,"10:30","Geisha","prox","Tesua"
"6.3.2020",26,"10:30","Morami","prox","Tesua"
"6.3.2020",26,"10:30","Tesua","prox","Giambo"
"6.3.2020",26,"10:30","Geisha","prox","Giambo"
"6.3.2020",26,"10:30","Morami","prox","Giambo"
"6.3.2020",26,"10:30","Morami","prox","Jing"
"6.3.2020",26,"10:30","Fons","prox","Jing"
"6.3.2020",26,"10:30","Geisha","prox","Jing"
"6.3.2020",26,"10:30","Ghineau","prox","Jing"
"6.3.2020",26,"10:30","Giambo","prox","Jing"
"6.3.2020",26,"10:30","Fons","groom","Raimee"
"6.3.2020",26,"10:35","Roosje","groom","Jimmie"
"6.3.2020",26,"10:36","Raimee","groom","Roosje"
"6.3.2020",26,"10:37","Roosje","groom","Giambo"
"6.3.2020",26,"10:43","Ghineau","groom","Raimee"
"6.3.2020",26,"10:45","Moniek","prox","Gaby"
"6.3.2020",26,"10:45","Moniek","prox","Gaby"
"6.3.2020",26,"10:45","Erika","prox","Gaby"
"6.3.2020",26,"10:45","Moni","prox","Jimmie"
"6.3.2020",26,"10:45","Moni","prox","Fons"
"6.3.2020",26,"10:45","Jimmie","prox","Fons"
"6.3.2020",26,"10:45","Jimmie","prox","Tesua"
"6.3.2020",26,"10:45","Tesua","prox","Geisha"
"6.3.2020",26,"10:45","Geisha","prox","Morami"
"6.3.2020",26,"10:45","Tesua","prox","Giambo"
"6.3.2020",26,"10:45","Giambo","prox","Geisha"
"6.3.2020",26,"10:45","Giambo","prox","Morami"
"6.3.2020",26,"10:45","Giambo","prox","Roosje"
"6.3.2020",26,"10:45","Roosje","prox","Geisha"
"6.3.2020",26,"10:45","Roosje","prox","Morami"
"6.3.2020",26,"10:45","Roosje","prox","Raimee"
"6.3.2020",26,"10:45","Giambo","prox","Raimee"
"6.3.2020",26,"10:45","Raimee","prox","Ghineau"
"6.3.2020",26,"10:45","Ghineau","prox","Giambo"
"6.3.2020",26,"10:45","Ghineau","prox","Roosje"
"6.3.2020",26,"10:45","Ghineau","prox","Jing"
"6.3.2020",26,"10:45","Jing","prox","Raimee"
"6.3.2020",26,"10:45","Giambo","groom","Tesua"
"6.3.2020",26,"10:53","Fons","groom","Raimee"
"6.3.2020",26,"11:00","Tushi","prox","Gaby"
"6.3.2020",26,"11:00","Jing","prox","Roosje"
"6.3.2020",26,"11:00","Roosje","prox","Giambo"
"6.3.2020",26,"11:00","Giambo","prox","Morami"
"6.3.2020",26,"11:00","Giambo","prox","Geisha"
"6.3.2020",26,"11:00","Geisha","prox","Tesua"
"6.3.2020",26,"11:00","Giambo","prox","Tesua"
"6.3.2020",26,"11:00","Morami","prox","Tesua"
"6.3.2020",26,"11:00","Geisha","prox","Fons"
"6.3.2020",26,"11:00","Morami","prox","Fons"
"6.3.2020",26,"11:00","Tesua","prox","Fons"
"6.3.2020",26,"11:00","Jimmie","prox","Fons"
"6.3.2020",26,"11:00","Jimmie","prox","Tesua"
"6.3.2020",26,"11:00","Jimmie","prox","Raimee"
"6.3.2020",26,"11:00","Fons","prox","Raimee"
"6.3.2020",26,"11:00","Raimee","prox","Moni"
"6.3.2020",26,"11:00","Jimmie","prox","Moni"
"6.3.2020",26,"11:00","Fons","prox","Moni"
"6.3.2020",26,"11:02","Geisha","groom","Morami"
"6.3.2020",26,"11:10","Jing","groom","Raimee"
"6.3.2020",26,"11:15","Jing","prox","Raimee"
"6.3.2020",26,"11:15","Raimee","prox","Giambo"
"6.3.2020",26,"11:15","Giambo","prox","Morami"
"6.3.2020",26,"11:15","Giambo","prox","Geisha"
"6.3.2020",26,"11:15","Giambo","prox","Tesua"
"6.3.2020",26,"11:15","Fons","prox","Jimmie"
"6.3.2020",26,"11:15","Fons","prox","Tesua"
"6.3.2020",26,"11:15","Fons","prox","Geisha"
"6.3.2020",26,"11:15","Geisha","prox","Morami"
"6.3.2020",26,"11:15","Morami","prox","Tesua"
"6.3.2020",26,"11:15","Geisha","prox","Tesua"
"6.3.2020",26,"11:15","Tesua","prox","Jimmie"
"6.3.2020",26,"11:15","Tushi","prox","Gaby"
"6.3.2020",26,"11:21","Geisha","groom","Morami"
"6.3.2020",26,"11:30","Jing","prox","Raimee"
"6.3.2020",26,"11:30","Jing","prox","Morami"
"6.3.2020",26,"11:30","Raimee","prox","Morami"
"6.3.2020",26,"11:30","Morami","prox","Geisha"
"6.3.2020",26,"11:30","Morami","prox","Giambo"
"6.3.2020",26,"11:30","Geisha","prox","Giambo"
"6.3.2020",26,"11:30","Giambo","prox","Raimee"
"6.3.2020",26,"11:30","Roosje","prox","Geisha"
"6.3.2020",26,"11:30","Roosje","prox","Giambo"
"6.3.2020",26,"11:30","Giambo","prox","Jimmie"
"6.3.2020",26,"11:30","Jimmie","prox","Roosje"
"6.3.2020",26,"11:30","Roosje","prox","Moni"
"6.3.2020",26,"11:30","Jimmie","prox","Moni"
"6.3.2020",27,"12:30","Ghineau","prox","Fons"
"6.3.2020",27,"12:30","Tushi","prox","Jing"
"6.3.2020",27,"12:30","Tushi","prox","Geisha"
"6.3.2020",27,"12:30","Geisha","prox","Jing"
"6.3.2020",27,"12:30","Geisha","prox","Giambo"
"6.3.2020",27,"12:30","Giambo","prox","Jing"
"6.3.2020",27,"12:30","Giambo","prox","Gaby"
"6.3.2020",27,"12:30","Tushi","groom","Jing"
"6.3.2020",27,"12:31","Tesua","groom","Tushi"
"6.3.2020",27,"12:36","Fons","groom","Jing"
"6.3.2020",27,"12:38","Tesua","groom","Tushi"
"6.3.2020",27,"12:38","Jing","groom","Moni"
"6.3.2020",27,"12:40","Ghineau","groom","Tushi"
"6.3.2020",27,"12:41","Jing","groom","Moni"
"6.3.2020",27,"12:44","Morami","groom","Ghineau"
"6.3.2020",27,"12:45","Fons","prox","Raimee"
"6.3.2020",27,"12:45","Raimee","prox","Gaby"
"6.3.2020",27,"12:45","Gaby","prox","Giambo"
"6.3.2020",27,"12:45","Raimee","prox","Giambo"
"6.3.2020",27,"12:45","Giambo","prox","Geisha"
"6.3.2020",27,"12:45","Geisha","prox","Roosje"
"6.3.2020",27,"12:45","Giambo","prox","Roosje"
"6.3.2020",27,"12:45","Geisha","prox","Jimmie"
"6.3.2020",27,"12:45","Jing","prox","Moni"
"6.3.2020",27,"12:45","Jimmie","prox","Moni"
"6.3.2020",27,"12:45","Giambo","prox","Jimmie"
"6.3.2020",27,"12:45","Roosje","prox","Moni"
"6.3.2020",27,"12:45","Roosje","prox","Tesua"
"6.3.2020",27,"12:45","Roosje","prox","Tushi"
"6.3.2020",27,"12:45","Jing","prox","Jimmie"
"6.3.2020",27,"12:45","Moni","prox","Tesua"
"6.3.2020",27,"12:45","Tesua","prox","Tushi"
"6.3.2020",27,"12:45","Tushi","prox","Moni"
"6.3.2020",27,"12:45","Moni","prox","Morami"
"6.3.2020",27,"12:45","Jimmie","prox","Morami"
"6.3.2020",27,"12:45","Morami","prox","Jing"
"6.3.2020",27,"12:45","Jing","prox","Ghineau"
"6.3.2020",27,"12:45","Ghineau","prox","Morami"
"6.3.2020",27,"12:45","Morami","prox","Tushi"
"6.3.2020",27,"12:45","Jing","prox","Tushi"
"6.3.2020",27,"12:48","Moni","groom","Jimmie"
"6.3.2020",27,"12:49","Giambo","groom","Geisha"
"6.3.2020",27,"12:50","Gaby","groom","Erika"
"6.3.2020",27,"12:52","Jimmie","groom","Moni"
"6.3.2020",27,"12:52","Moni","groom","Morami"
"6.3.2020",27,"12:58","Ghineau","groom","Moni"
"6.3.2020",27,"12:59","Tushi","groom","Morami"
"6.3.2020",27,"13:00","Jing","prox","Morami"
"6.3.2020",27,"13:00","Morami","prox","Tushi"
"6.3.2020",27,"13:00","Morami","prox","Tesua"
"6.3.2020",27,"13:00","Jing","prox","Tesua"
"6.3.2020",27,"13:00","Tesua","prox","Roosje"
"6.3.2020",27,"13:00","Tushi","prox","Roosje"
"6.3.2020",27,"13:00","Roosje","prox","Geisha"
"6.3.2020",27,"13:00","Tesua","prox","Geisha"
"6.3.2020",27,"13:00","Geisha","prox","Giambo"
"6.3.2020",27,"13:00","Giambo","prox","Gaby"
"6.3.2020",27,"13:00","Geisha","prox","Gaby"
"6.3.2020",27,"13:00","Geisha","prox","Erika"
"6.3.2020",27,"13:00","Giambo","prox","Erika"
"6.3.2020",27,"13:00","Gaby","prox","Erika"
"6.3.2020",27,"13:00","Gaby","prox","Raimee"
"6.3.2020",27,"13:00","Erika","prox","Raimee"
"6.3.2020",27,"13:00","Fons","prox","Raimee"
"6.3.2020",27,"13:00","Fons","prox","Gaby"
"6.3.2020",27,"13:00","Erika","prox","Ghineau"
"6.3.2020",27,"13:00","Erika","prox","Moni"
"6.3.2020",27,"13:00","Roosje","prox","Moni"
"6.3.2020",27,"13:00","Ghineau","groom","Moni"
"6.3.2020",27,"13:03","Tesua","groom","Geisha"
"6.3.2020",27,"13:06","Tesua","groom","Giambo"
"6.3.2020",27,"13:06","Moni","groom","Gaby"
"6.3.2020",27,"13:07","Fons","groom","Tesua"
"6.3.2020",27,"13:07","Moni","groom","Tushi"
"6.3.2020",27,"13:11","Tesua","groom","Geisha"
"6.3.2020",27,"13:12","Morami","groom","Geisha"
"6.3.2020",27,"13:13","Tushi","groom","Moni"
"6.3.2020",27,"13:15","Raimee","prox","Fons"
"6.3.2020",27,"13:15","Raimee","prox","Morami"
"6.3.2020",27,"13:15","Morami","prox","Geisha"
"6.3.2020",27,"13:15","Fons","prox","Moni"
"6.3.2020",27,"13:15","Fons","prox","Morami"
"6.3.2020",27,"13:15","Morami","prox","Roosje"
"6.3.2020",27,"13:15","Geisha","prox","Roosje"
"6.3.2020",27,"13:15","Moni","prox","Roosje"
"6.3.2020",27,"13:15","Tushi","prox","Moni"
"6.3.2020",27,"13:15","Tushi","prox","Roosje"
"6.3.2020",27,"13:15","Tushi","prox","Gaby"
"6.3.2020",27,"13:15","Moni","prox","Gaby"
"6.3.2020",27,"13:15","Gaby","prox","Jing"
"6.3.2020",27,"13:15","Jing","prox","Ghineau"
"6.3.2020",27,"13:17","Giambo","groom","Jing"
"6.3.2020",27,"13:18","Roosje","groom","Raimee"
"6.3.2020",27,"13:22","Tesua","groom","Giambo"
"6.3.2020",27,"13:25","Ghineau","groom","Tesua"
"6.3.2020",27,"13:25","Jing","groom","Ghineau"
"6.3.2020",27,"13:25","Jing","groom","Geisha"
"6.3.2020",27,"13:25","Ghineau","groom","Jing"
"6.3.2020",27,"13:29","Moniek","groom","Morami"
"6.3.2020",27,"13:30","Gaby","prox","Erika"
"6.3.2020",27,"13:30","Erika","prox","Moni"
"6.3.2020",27,"13:30","Moni","prox","Tushi"
"6.3.2020",27,"13:30","Moni","prox","Jing"
"6.3.2020",27,"13:30","Tushi","prox","Giambo"
"6.3.2020",27,"13:30","Tushi","prox","Tesua"
"6.3.2020",27,"13:30","Giambo","prox","Jing"
"6.3.2020",27,"13:30","Jing","prox","Roosje"
"6.3.2020",27,"13:30","Giambo","prox","Roosje"
"6.3.2020",27,"13:30","Giambo","prox","Morami"
"6.3.2020",27,"13:30","Giambo","prox","Geisha"
"6.3.2020",27,"13:30","Tesua","prox","Morami"
"6.3.2020",27,"13:30","Tesua","prox","Geisha"
"6.3.2020",27,"13:30","Moniek","prox","Morami"
"6.3.2020",27,"13:30","Moniek","prox","Geisha"
"6.3.2020",27,"13:30","Morami","prox","Raimee"
"6.3.2020",27,"13:30","Moniek","prox","Raimee"
"6.3.2020",27,"13:30","Morami","prox","Roosje"
"6.3.2020",27,"13:30","Roosje","prox","Raimee"
"6.3.2020",27,"13:30","Raimee","prox","Fons"
"6.3.2020",27,"13:30","Roosje","prox","Fons"
"6.3.2020",28,"14:00","Giambo","prox","Tesua"
"6.3.2020",28,"14:00","Tesua","prox","Geisha"
"6.3.2020",28,"14:00","Geisha","prox","Raimee"
"6.3.2020",28,"14:00","Raimee","prox","Fons"
"6.3.2020",28,"14:00","Tesua","prox","Fons"
"6.3.2020",28,"14:00","Geisha","prox","Fons"
"6.3.2020",28,"14:00","Giambo","prox","Fons"
"6.3.2020",28,"14:00","Geisha","prox","Erika"
"6.3.2020",28,"14:00","Tesua","prox","Erika"
"6.3.2020",28,"14:00","Gaby","prox","Erika"
"6.3.2020",28,"14:00","Gaby","prox","Moni"
"6.3.2020",28,"14:00","Moni","prox","Tushi"
"6.3.2020",28,"14:00","Moni","prox","Raimee"
"6.3.2020",28,"14:00","Gaby","prox","Raimee"
"6.3.2020",28,"14:00","Tushi","prox","Jing"
"6.3.2020",28,"14:00","Giambo","groom","Tesua"
"6.3.2020",28,"14:01","Moni","groom","Tushi"
"6.3.2020",28,"14:03","Moni","groom","Tushi"
"6.3.2020",28,"14:05","Tushi","groom","Raimee"
"6.3.2020",28,"14:05","Ghineau","groom","Giambo"
"6.3.2020",28,"14:08","Geisha","groom","Gaby"
"6.3.2020",28,"14:09","Ghineau","groom","Giambo"
"6.3.2020",28,"14:12","Tushi","groom","Raimee"
"6.3.2020",28,"14:12","Gaby","groom","Roosje"
"6.3.2020",28,"14:13","Moni","groom","Geisha"
"6.3.2020",28,"14:15","Ghineau","prox","Giambo"
"6.3.2020",28,"14:15","Giambo","prox","Tesua"
"6.3.2020",28,"14:15","Giambo","prox","Geisha"
"6.3.2020",28,"14:15","Giambo","prox","Moni"
"6.3.2020",28,"14:15","Moni","prox","Geisha"
"6.3.2020",28,"14:15","Tesua","prox","Moni"
"6.3.2020",28,"14:15","Tesua","prox","Geisha"
"6.3.2020",28,"14:15","Moni","prox","Roosje"
"6.3.2020",28,"14:15","Geisha","prox","Roosje"
"6.3.2020",28,"14:15","Roosje","prox","Gaby"
"6.3.2020",28,"14:15","Jing","prox","Erika"
"6.3.2020",28,"14:15","Erika","prox","Raimee"
"6.3.2020",28,"14:15","Raimee","prox","Tushi"
"6.3.2020",28,"14:15","Raimee","prox","Fons"
"6.3.2020",28,"14:15","Tushi","prox","Fons"
"6.3.2020",28,"14:15","Tushi","prox","Gaby"
"6.3.2020",28,"14:15","Tushi","prox","Roosje"
"6.3.2020",28,"14:15","Roosje","prox","Fons"
"6.3.2020",28,"14:17","Tushi","groom","Raimee"
"6.3.2020",28,"14:17","Ghineau","groom","Giambo"
"6.3.2020",28,"14:22","Ghineau","groom","Giambo"
"6.3.2020",28,"14:28","Moni","groom","Tushi"
"6.3.2020",28,"14:28","Jing","groom","Giambo"
"6.3.2020",28,"14:30","Tesua","prox","Geisha"
"6.3.2020",28,"14:30","Geisha","prox","Gaby"
"6.3.2020",28,"14:30","Gaby","prox","Erika"
"6.3.2020",28,"14:30","Roosje","prox","Erika"
"6.3.2020",28,"14:30","Roosje","prox","Gaby"
"6.3.2020",28,"14:30","Tushi","prox","Moni"
"6.3.2020",28,"14:30","Tushi","prox","Raimee"
"6.3.2020",28,"14:30","Moni","prox","Roosje"
"6.3.2020",28,"14:30","Moni","prox","Raimee"
"6.3.2020",28,"14:30","Erika","prox","Raimee"
"6.3.2020",28,"14:30","Raimee","prox","Ghineau"
"6.3.2020",28,"14:30","Ghineau","prox","Jing"
"6.3.2020",28,"14:30","Ghineau","prox","Giambo"
"6.3.2020",28,"14:30","Giambo","prox","Jing"
"6.3.2020",28,"14:30","Tushi","prox","Fons"
"6.3.2020",28,"14:30","Moni","prox","Fons"
"6.3.2020",28,"14:38","Geisha","groom","Giambo"
"6.3.2020",28,"14:42","Erika","groom","Gaby"
"6.3.2020",28,"14:44","Tesua","groom","Ghineau"
"6.3.2020",28,"14:45","Moni","prox","Jing"
"6.3.2020",28,"14:45","Jing","prox","Geisha"
"6.3.2020",28,"14:45","Geisha","prox","Giambo"
"6.3.2020",28,"14:45","Giambo","prox","Jing"
"6.3.2020",28,"14:45","Geisha","prox","Moni"
"6.3.2020",28,"14:45","Erika","prox","Gaby"
"6.3.2020",28,"14:45","Gaby","prox","Raimee"
"6.3.2020",28,"14:45","Gaby","prox","Roosje"
"6.3.2020",28,"14:45","Raimee","prox","Fons"
"6.3.2020",28,"14:45","Roosje","prox","Fons"
"6.3.2020",28,"14:45","Tesua","prox","Roosje"
"6.3.2020",28,"14:45","Tesua","prox","Ghineau"
"6.3.2020",28,"14:45","Ghineau","prox","Roosje"
"6.3.2020",28,"14:45","Geisha","prox","Fons"
"6.3.2020",28,"14:45","Fons","groom","Raimee"
"6.3.2020",28,"14:46","Tesua","groom","Jimmie"
"6.3.2020",28,"14:46","Moniek","groom","Ghineau"
"6.3.2020",28,"14:47","Jimmie","groom","Moniek"
"6.3.2020",28,"14:51","Raimee","groom","Roosje"
"6.3.2020",28,"14:52","Moni","groom","Moniek"
"6.3.2020",28,"14:59","Moniek","groom","Morami"
"6.3.2020",28,"14:59","Geisha","groom","Giambo"
"6.3.2020",28,"15:00","Erika","prox","Gaby"
"6.3.2020",28,"15:00","Gaby","prox","Raimee"
"6.3.2020",28,"15:00","Raimee","prox","Roosje"
"6.3.2020",28,"15:00","Roosje","prox","Fons"
"6.3.2020",28,"15:00","Raimee","prox","Fons"
"6.3.2020",28,"15:00","Roosje","prox","Morami"
"6.3.2020",28,"15:00","Morami","prox","Moniek"
"6.3.2020",28,"15:00","Moniek","prox","Tesua"
"6.3.2020",28,"15:00","Tesua","prox","Geisha"
"6.3.2020",28,"15:00","Geisha","prox","Giambo"
"6.3.2020",28,"15:00","Giambo","prox","Jimmie"
"6.3.2020",28,"15:00","Tesua","prox","Jimmie"
"6.3.2020",28,"15:00","Geisha","prox","Jimmie"
"6.3.2020",28,"15:00","Jimmie","prox","Jing"
"6.3.2020",28,"15:00","Jing","prox","Ghineau"
"6.3.2020",28,"15:00","Jimmie","prox","Ghineau"
"6.3.2020",28,"15:00","Fons","prox","Tushi"
"6.3.2020",28,"15:00","Tushi","prox","Roosje"
"6.3.2020",28,"15:00","Tushi","prox","Morami"
"6.3.2020",28,"15:00","Tushi","prox","Morami"
"6.3.2020",28,"15:00","Tushi","prox","Moniek"
"6.3.2020",28,"15:00","Tushi","prox","Geisha"
"6.3.2020",28,"15:00","Tushi","prox","Giambo"
"9.3.2020",29,"13:00","Fons","prox","Jing"
"9.3.2020",29,"13:00","Raimee","prox","Roosje"
"9.3.2020",29,"13:15","Raimee","prox","Roosje"
"9.3.2020",29,"13:15","Jing","prox","Giambo"
"9.3.2020",29,"13:15","Gaby","prox","Ghineau"
"9.3.2020",29,"13:15","Moniek","prox","Morami"
"9.3.2020",29,"13:28","Tushi","groom","Ghineau"
"9.3.2020",29,"13:30","Gaby","prox","Tushi"
"9.3.2020",29,"13:30","Tushi","prox","Raimee"
"9.3.2020",29,"13:30","Raimee","prox","Ghineau"
"9.3.2020",29,"13:30","Tushi","prox","Ghineau"
"9.3.2020",29,"13:30","Ghineau","groom","Raimee"
"9.3.2020",29,"13:33","Fons","groom","Raimee"
"9.3.2020",29,"13:44","Giambo","groom","Tesua"
"9.3.2020",29,"13:45","Giambo","prox","Tesua"
"9.3.2020",29,"13:45","Gaby","prox","Tushi"
"9.3.2020",29,"13:45","Tushi","prox","Raimee"
"9.3.2020",29,"13:45","Fons","prox","Raimee"
"9.3.2020",29,"13:45","Fons","prox","Tushi"
"9.3.2020",29,"13:45","Fons","prox","Ghineau"
"9.3.2020",29,"13:45","Raimee","prox","Ghineau"
"9.3.2020",29,"13:45","Ghineau","prox","Erika"
"9.3.2020",29,"13:45","Fons","prox","Gaby"
"9.3.2020",29,"13:53","Fons","groom","Raimee"
"9.3.2020",29,"13:56","Fons","groom","Tushi"
"9.3.2020",29,"14:00","Raimee","prox","Tushi"
"9.3.2020",30,"14:15","Tushi","prox","Ghineau"
"9.3.2020",30,"14:15","Gaby","prox","Erika"
"9.3.2020",30,"14:15","Erika","prox","Tesua"
"9.3.2020",30,"14:15","Tesua","prox","Giambo"
"9.3.2020",30,"14:15","Giambo","prox","Geisha"
"9.3.2020",30,"14:15","Tesua","prox","Geisha"
"9.3.2020",30,"14:15","Geisha","prox","Moni"
"9.3.2020",30,"14:15","Moni","prox","Roosje"
"9.3.2020",30,"14:15","Moni","prox","Raimee"
"9.3.2020",30,"14:15","Raimee","prox","Roosje"
"9.3.2020",30,"14:15","Tesua","groom","Giambo"
"9.3.2020",30,"14:15","Geisha","groom","Giambo"
"9.3.2020",30,"14:15","Roosje","groom","Raimee"
"9.3.2020",30,"14:18","Roosje","groom","Raimee"
"9.3.2020",30,"14:19","Geisha","groom","Giambo"
"9.3.2020",30,"14:24","Morami","groom","Moniek"
"9.3.2020",30,"14:30","Moniek","prox","Roosje"
"9.3.2020",30,"14:34","Moni","groom","Raimee"
"9.3.2020",30,"14:37","Morami","groom","Raimee"
"9.3.2020",30,"14:45","Jimmie","prox","Tushi"
"9.3.2020",30,"14:45","Tushi","prox","Moni"
"9.3.2020",30,"15:00","Erika","prox","Gaby"
"9.3.2020",30,"15:00","Erika","prox","Ghineau"
"9.3.2020",30,"15:00","Gaby","prox","Ghineau"
"9.3.2020",30,"15:00","Ghineau","prox","Jing"
"9.3.2020",30,"15:00","Morami","prox","Geisha"
"9.3.2020",30,"15:00","Geisha","prox","Tesua"
"9.3.2020",30,"15:00","Morami","prox","Tesua"
"9.3.2020",30,"15:00","Tesua","prox","Tushi"
"9.3.2020",30,"15:00","Tushi","prox","Moni"
"9.3.2020",30,"15:00","Moni","prox","Tesua"
"9.3.2020",30,"15:00","Giambo","prox","Tushi"
"9.3.2020",30,"15:00","Giambo","prox","Moni"
"9.3.2020",30,"15:00","Geisha","prox","Raimee"
"9.3.2020",30,"15:00","Moni","prox","Raimee"
"9.3.2020",30,"15:00","Roosje","prox","Jimmie"
"9.3.2020",30,"15:05","Tushi","groom","Moni"
"9.3.2020",30,"15:11","Tesua","groom","Morami"
"9.3.2020",30,"15:12","Gaby","groom","Giambo"
"9.3.2020",30,"15:12","Gaby","groom","Erika"
"9.3.2020",30,"15:12","Roosje","groom","Raimee"
"9.3.2020",30,"15:12","Roosje","groom","Raimee"
"9.3.2020",30,"15:13","Tesua","groom","Jimmie"
"9.3.2020",30,"15:15","Tesua","prox","Jimmie"
"9.3.2020",30,"15:15","Giambo","prox","Jing"
"9.3.2020",30,"15:15","Jing","prox","Ghineau"
"9.3.2020",30,"15:15","Giambo","prox","Erika"
"9.3.2020",30,"15:15","Giambo","prox","Gaby"
"9.3.2020",30,"15:15","Jing","prox","Erika"
"9.3.2020",30,"15:15","Jing","prox","Gaby"
"9.3.2020",30,"15:15","Ghineau","prox","Erika"
"9.3.2020",30,"15:15","Ghineau","prox","Gaby"
"9.3.2020",30,"15:15","Roosje","prox","Raimee"
"9.3.2020",30,"15:15","Roosje","prox","Morami"
"9.3.2020",30,"15:15","Morami","prox","Raimee"
"9.3.2020",30,"15:15","Tushi","prox","Moni"
"9.3.2020",30,"15:15","Tushi","prox","Raimee"
"9.3.2020",30,"15:15","Tushi","prox","Morami"
"9.3.2020",30,"15:15","Moni","prox","Morami"
"9.3.2020",30,"15:15","Moni","prox","Raimee"
"9.3.2020",30,"15:15","Moni","prox","Geisha"
"12.3.2020",31,"12:00","Gaby","prox","Tesua"
"12.3.2020",31,"12:00","Gaby","prox","Fons"
"12.3.2020",31,"12:00","Fons","prox","Tesua"
"12.3.2020",31,"12:00","Tesua","prox","Geisha"
"12.3.2020",31,"12:00","Geisha","prox","Tushi"
"12.3.2020",31,"12:00","Tesua","prox","Tushi"
"12.3.2020",31,"12:00","Fons","prox","Tushi"
"12.3.2020",31,"12:00","Fons","prox","Geisha"
"12.3.2020",31,"12:00","Geisha","prox","Moni"
"12.3.2020",31,"12:00","Tushi","prox","Moni"
"12.3.2020",31,"12:00","Moni","prox","Moniek"
"12.3.2020",31,"12:00","Tushi","prox","Moniek"
"12.3.2020",31,"12:00","Moniek","prox","Roosje"
"12.3.2020",31,"12:00","Roosje","prox","Raimee"
"12.3.2020",31,"12:00","Roosje","prox","Moni"
"12.3.2020",31,"12:00","Tushi","prox","Roosje"
"12.3.2020",31,"12:00","Tushi","prox","Raimee"
"12.3.2020",31,"12:00","Raimee","prox","Fons"
"12.3.2020",31,"12:00","Moni","prox","Raimee"
"12.3.2020",31,"12:00","Moni","groom","Tushi"
"12.3.2020",31,"12:00","Tesua","groom","Fons"
"12.3.2020",31,"12:00","Raimee","groom","Roosje"
"12.3.2020",31,"12:00","Geisha","groom","Tushi"
"12.3.2020",31,"12:03","Moni","groom","Moniek"
"12.3.2020",31,"12:04","Moniek","groom","Moni"
"12.3.2020",31,"12:05","Tushi","groom","Fons"
"12.3.2020",31,"12:05","Tesua","groom","Tushi"
"12.3.2020",31,"12:06","Moni","groom","Moniek"
"12.3.2020",31,"12:06","Tushi","groom","Moni"
"12.3.2020",31,"12:07","Moniek","groom","Tushi"
"12.3.2020",31,"12:09","Tushi","groom","Moni"
"12.3.2020",31,"12:13","Tushi","groom","Moni"
"12.3.2020",31,"12:13","Raimee","groom","Roosje"
"12.3.2020",31,"12:15","Fons","prox","Geisha"
"12.3.2020",31,"12:15","Fons","prox","Moni"
"12.3.2020",31,"12:15","Geisha","prox","Moni"
"12.3.2020",31,"12:15","Fons","prox","Raimee"
"12.3.2020",31,"12:15","Roosje","prox","Raimee"
"12.3.2020",31,"12:15","Roosje","prox","Moniek"
"12.3.2020",31,"12:15","Raimee","prox","Moniek"
"12.3.2020",31,"12:15","Roosje","prox","Moni"
"12.3.2020",31,"12:15","Raimee","prox","Moni"
"12.3.2020",31,"12:15","Moni","prox","Moniek"
"12.3.2020",31,"12:15","Moniek","prox","Tushi"
"12.3.2020",31,"12:15","Moni","prox","Tushi"
"12.3.2020",31,"12:27","Ghineau","groom","Tushi"
"12.3.2020",31,"12:27","Tesua","groom","Tushi"
"12.3.2020",31,"12:28","Ghineau","groom","Giambo"
"12.3.2020",31,"12:30","Ghineau","prox","Giambo"
"12.3.2020",31,"12:30","Moniek","prox","Fons"
"12.3.2020",31,"12:30","Fons","prox","Geisha"
"12.3.2020",31,"12:30","Geisha","prox","Moni"
"12.3.2020",31,"12:30","Fons","prox","Moni"
"12.3.2020",31,"12:30","Tesua","prox","Gaby"
"12.3.2020",31,"12:30","Tesua","prox","Tushi"
"12.3.2020",31,"12:31","Morami","groom","Geisha"
"12.3.2020",31,"12:31","Tushi","groom","Roosje"
"12.3.2020",31,"12:31","Moni","groom","Morami"
"12.3.2020",31,"12:33","Tushi","groom","Roosje"
"12.3.2020",31,"12:45","Giambo","prox","Morami"
"12.3.2020",31,"12:45","Raimee","prox","Tushi"
"12.3.2020",31,"12:45","Jimmie","prox","Tushi"
"12.3.2020",31,"12:45","Jimmie","prox","Raimee"
"12.3.2020",31,"13:00","Geisha","prox","Roosje"
"12.3.2020",31,"13:00","Roosje","prox","Tushi"
"12.3.2020",31,"13:00","Tushi","prox","Fons"
"12.3.2020",31,"13:00","Morami","prox","Raimee"
"12.3.2020",31,"13:00","Morami","prox","Moni"
"12.3.2020",31,"13:00","Raimee","prox","Moni"
"12.3.2020",31,"13:00","Moni","prox","Giambo"
"12.3.2020",31,"13:00","Moni","prox","Erika"
"12.3.2020",31,"13:00","Giambo","prox","Erika"
"12.3.2020",31,"13:00","Giambo","prox","Gaby"
"12.3.2020",31,"13:00","Erika","prox","Gaby"
"12.3.2020",31,"13:00","Erika","prox","Ghineau"
"12.3.2020",31,"13:00","Gaby","prox","Ghineau"
"12.3.2020",31,"13:00","Ghineau","prox","Jing"
"12.3.2020",32,"13:45","Ghineau","prox","Erika"
"12.3.2020",32,"13:45","Ghineau","prox","Fons"
"12.3.2020",32,"13:45","Fons","prox","Jing"
"12.3.2020",32,"13:45","Erika","prox","Fons"
"12.3.2020",32,"13:45","Fons","prox","Roosje"
"12.3.2020",32,"13:45","Jing","prox","Roosje"
"12.3.2020",32,"13:45","Erika","prox","Roosje"
"12.3.2020",32,"13:45","Ghineau","prox","Roosje"
"12.3.2020",32,"13:45","Tesua","prox","Jing"
"12.3.2020",32,"13:45","Tesua","prox","Fons"
"12.3.2020",32,"13:45","Tesua","prox","Roosje"
"12.3.2020",32,"13:45","Tesua","prox","Giambo"
"12.3.2020",32,"13:45","Tesua","prox","Geisha"
"12.3.2020",32,"13:45","Geisha","prox","Giambo"
"12.3.2020",32,"13:45","Roosje","prox","Giambo"
"12.3.2020",32,"13:45","Geisha","prox","Erika"
"12.3.2020",32,"13:45","Ghineau","groom","Erika"
"12.3.2020",32,"13:46","Giambo","groom","Tesua"
"12.3.2020",32,"13:48","Ghineau","groom","Erika"
"12.3.2020",32,"13:56","Geisha","groom","Jing"
"12.3.2020",32,"14:00","Tesua","prox","Giambo"
"12.3.2020",32,"14:00","Ghineau","prox","Jing"
"12.3.2020",32,"14:00","Ghineau","prox","Roosje"
"12.3.2020",32,"14:00","Roosje","prox","Geisha"
"12.3.2020",32,"14:00","Jing","prox","Geisha"
"12.3.2020",32,"14:00","Jing","prox","Roosje"
"12.3.2020",32,"14:00","Roosje","prox","Raimee"
"12.3.2020",32,"14:00","Raimee","prox","Fons"
"12.3.2020",32,"14:00","Roosje","prox","Fons"
"12.3.2020",32,"14:00","Fons","prox","Jing"
"12.3.2020",32,"14:00","Fons","prox","Geisha"
"12.3.2020",32,"14:04","Fons","groom","Raimee"
"12.3.2020",32,"14:05","Raimee","groom","Roosje"
"12.3.2020",32,"14:12","Tushi","groom","Jing"
"12.3.2020",32,"14:13","Gaby","groom","Ghineau"
"12.3.2020",32,"14:14","Raimee","groom","Morami"
"12.3.2020",32,"14:15","Jing","prox","Ghineau"
"12.3.2020",32,"14:15","Tushi","prox","Ghineau"
"12.3.2020",32,"14:15","Tushi","prox","Jing"
"12.3.2020",32,"14:15","Tushi","prox","Morami"
"12.3.2020",32,"14:15","Tushi","prox","Geisha"
"12.3.2020",32,"14:15","Tushi","prox","Tesua"
"12.3.2020",32,"14:15","Tesua","prox","Jing"
"12.3.2020",32,"14:15","Tesua","prox","Ghineau"
"12.3.2020",32,"14:15","Gaby","prox","Ghineau"
"12.3.2020",32,"14:15","Gaby","prox","Giambo"
"12.3.2020",32,"14:15","Gaby","prox","Tesua"
"12.3.2020",32,"14:15","Gaby","prox","Jing"
"12.3.2020",32,"14:15","Gaby","prox","Moni"
"12.3.2020",32,"14:15","Moni","prox","Moniek"
"12.3.2020",32,"14:15","Moniek","prox","Erika"
"12.3.2020",32,"14:15","Moni","prox","Erika"
"12.3.2020",32,"14:15","Moni","prox","Giambo"
"12.3.2020",32,"14:15","Moni","prox","Raimee"
"12.3.2020",32,"14:15","Raimee","prox","Morami"
"12.3.2020",32,"14:15","Raimee","prox","Geisha"
"12.3.2020",32,"14:15","Raimee","prox","Giambo"
"12.3.2020",32,"14:15","Raimee","prox","Tesua"
"12.3.2020",32,"14:15","Giambo","prox","Ghineau"
"12.3.2020",32,"14:15","Giambo","prox","Geisha"
"12.3.2020",32,"14:15","Giambo","prox","Morami"
"12.3.2020",32,"14:15","Morami","prox","Tesua"
"12.3.2020",32,"14:15","Geisha","prox","Tesua"
"12.3.2020",32,"14:15","Jimmie","prox","Fons"
"12.3.2020",32,"14:20","Moni","groom","Roosje"
"12.3.2020",32,"14:22","Jing","groom","Ghineau"
"12.3.2020",32,"14:23","Jing","groom","Ghineau"
"12.3.2020",32,"14:25","Raimee","groom","Giambo"
"12.3.2020",32,"14:29","Geisha","groom","Morami"
"12.3.2020",32,"14:30","Raimee","prox","Giambo"
"12.3.2020",32,"14:30","Raimee","prox","Jing"
"12.3.2020",32,"14:30","Raimee","prox","Ghineau"
"12.3.2020",32,"14:30","Giambo","prox","Jing"
"12.3.2020",32,"14:30","Jing","prox","Ghineau"
"12.3.2020",32,"14:30","Giambo","prox","Ghineau"
"12.3.2020",32,"14:30","Ghineau","prox","Tesua"
"12.3.2020",32,"14:30","Jing","prox","Tesua"
"12.3.2020",32,"14:30","Tesua","prox","Geisha"
"12.3.2020",32,"14:30","Tesua","prox","Morami"
"12.3.2020",32,"14:30","Ghineau","prox","Geisha"
"12.3.2020",32,"14:30","Morami","prox","Geisha"
"12.3.2020",32,"14:30","Morami","prox","Roosje"
"12.3.2020",32,"14:30","Roosje","prox","Moni"
"12.3.2020",32,"14:30","Fons","prox","Jimmie"
"12.3.2020",32,"14:38","Morami","groom","Geisha"
"12.3.2020",32,"14:38","Geisha","groom","Raimee"
"12.3.2020",32,"14:41","Raimee","groom","Roosje"
"12.3.2020",32,"14:45","Giambo","prox","Tesua"
"12.3.2020",32,"14:45","Tesua","prox","Ghineau"
"12.3.2020",32,"14:45","Giambo","prox","Ghineau"
"12.3.2020",32,"14:45","Ghineau","prox","Moni"
"12.3.2020",32,"14:45","Moni","prox","Raimee"
"12.3.2020",32,"14:45","Moni","prox","Erika"
"12.3.2020",32,"14:45","Raimee","prox","Roosje"
"12.3.2020",32,"14:45","Ghineau","prox","Morami"
"12.3.2020",32,"14:45","Ghineau","prox","Geisha"
"12.3.2020",32,"14:45","Raimee","prox","Geisha"
"12.3.2020",32,"14:45","Raimee","prox","Morami"
"12.3.2020",32,"14:45","Ghineau","prox","Raimee"
